搭乘路線名稱,搭乘附屬路線名稱,搭乘公車路線方向,站序資料,站牌代碼,站間距離
1121,1121,0,1,307560,
1121,1121,0,2,182645,844.19
1121,1121,0,3,182646,195.89
1121,1121,0,4,182648,681.85
1121,1121,0,5,151863,717.13
1121,1121,0,6,151864,461.59
1121,1121,0,7,237662,362.51
1121,1121,0,8,152283,432.31
1121,1121,0,9,237663,438.89
1121,1121,0,10,182656,296.85
1121,1121,0,11,237664,293.11
1121,1121,0,12,274233,1130.36
1121,1121,0,13,182658,1183.16
1121,1121,0,14,237666,2233.77
1121,1121,0,15,222385,947.1
1121,1121,0,16,274056,2148.42
1121,1121,0,17,237669,829.23
1121,1121,0,18,237670,603.01
1121,1121,0,19,222386,612.38
1121,1121,0,20,182661,744.11
1121,1121,0,21,222388,544.22
1121,1121,0,22,296644,3020.62
1121,1121,0,23,305928,1014.92
1121,1121,0,24,305930,267.81
1121,1121,0,25,305931,1328.52
1121,1121,0,26,182663,3033.1
1121,1121,0,27,222390,854.26
1121,1121,0,28,182667,751.93
1121,1121,0,29,237671,443.9
1121,1121,0,30,307616,676.57
1121,1121,0,31,182668,1876.94
1121,1121,0,32,307617,5785.87
1121,1121,0,33,182669,1066.85
1121,1121,0,34,222396,4386.17
1121,1121,0,35,222397,372.84
1121,1121,0,36,307618,1242.83
1121,1121,0,37,237672,436.06
1121,1121,0,38,182674,2651.89
1121,1121,0,39,222401,442.81
1121,1121,0,40,290667,1007.01
1121,1121,0,41,222403,1754.42
1121,1121,0,42,274235,536.44
1121,1121,0,43,182679,385.35
1121,1121,0,44,182680,453.09
1121,1121,0,45,222408,1413.09
1121,1121,0,46,222454,448.47
1121,1121,0,47,222410,332.9
1121,1121,0,48,222411,354.39
1121,1121,0,49,182686,297.59
1121,1121,0,50,237674,238.92
1121,1121,0,51,237675,588.96
1121,1121,0,52,274236,621.43
1121,1121,0,53,182687,487.96
1121,1121,0,54,222414,623.02
1121,1121,0,55,237677,594.83
1121,1121,0,56,237678,1363.38
1121,1121,0,57,222415,280.57
1121,1121,0,58,307620,1197.34
1121,1121,0,59,237679,949.02
1121,1121,0,60,182692,3429.89
1121,1121,0,61,222419,877.78
1121,1121,0,62,182694,1031.85
1121,1121,0,63,222421,520.32
1121,1121,0,64,222422,636.7
1121,1121,1,1,222422,
1121,1121,1,2,182698,727.85
1121,1121,1,3,182699,440.68
1121,1121,1,4,222444,1019.84
1121,1121,1,5,246294,863.7
1121,1121,1,6,237682,1471.39
1121,1121,1,7,307621,980.38
1121,1121,1,8,222448,1221.52
1121,1121,1,9,237683,276.14
1121,1121,1,10,237684,1426.49
1121,1121,1,11,182705,556.13
1121,1121,1,12,246272,646.7
1121,1121,1,13,274237,495.45
1121,1121,1,14,237686,602.06
1121,1121,1,15,237687,596.16
1121,1121,1,16,222451,239.48
1121,1121,1,17,222452,297.66
1121,1121,1,18,182709,354.02
1121,1121,1,19,222409,331.55
1121,1121,1,20,182711,394.39
1121,1121,1,21,182713,1473.61
1121,1121,1,22,182714,445.94
1121,1121,1,23,274060,403.89
1121,1121,1,24,182716,592.57
1121,1121,1,25,290667,1722.37
1121,1121,1,26,182718,1008.43
1121,1121,1,27,222463,498.78
1121,1121,1,28,237689,1728.12
1121,1121,1,29,307619,439.94
1121,1121,1,30,222466,1271.13
1121,1121,1,31,182723,2810.19
1121,1121,1,32,182724,1359.32
1121,1121,1,33,307585,1082.99
1121,1121,1,34,182725,260.5
1121,1121,1,35,307615,4780.49
1121,1121,1,36,237690,661
1121,1121,1,37,182726,1795.21
1121,1121,1,38,182729,721.21
1121,1121,1,39,182730,871.28
1121,1121,1,40,296644,2781.59
1121,1121,1,41,305929,1012.35
1121,1121,1,42,305930,270.04
1121,1121,1,43,305931,1328.74
1121,1121,1,44,182731,3158.8
1121,1121,1,45,182732,594.37
1121,1121,1,46,222477,747.14
1121,1121,1,47,237691,553.52
1121,1121,1,48,237692,591.49
1121,1121,1,49,274057,848.03
1121,1121,1,50,222478,2205.77
1121,1121,1,51,237695,907.26
1121,1121,1,52,246296,2246.42
1121,1121,1,53,274234,1170.89
1121,1121,1,54,237697,1129.52
1121,1121,1,55,222481,301.43
1121,1121,1,56,237698,320.88
1121,1121,1,57,222483,413.97
1121,1121,1,58,237699,425.33
1121,1121,1,59,151897,341.56
1121,1121,1,60,222367,488.35
1121,1121,1,61,237703,397.26
1121,1121,1,62,237704,341.69
1121,1121,1,63,182243,393.21
1121,1121,1,64,275455,358.67
1121,1121,1,65,286979,489.89
1121,1121,1,66,307559,362.23
1122,1122,0,1,307560,
1122,1122,0,2,182645,927.62
1122,1122,0,3,182646,195.76
1122,1122,0,4,182648,681.85
1122,1122,0,5,151863,717.13
1122,1122,0,6,151864,461.54
1122,1122,0,7,237662,362.47
1122,1122,0,8,152283,432.4
1122,1122,0,9,237663,438.89
1122,1122,0,10,182656,296.85
1122,1122,0,11,237664,293.11
1122,1122,0,12,274233,1130.38
1122,1122,0,13,182658,1183.19
1122,1122,0,14,237666,2233.7
1122,1122,0,15,222385,946.89
1122,1122,0,16,274056,2148.64
1122,1122,0,17,237669,829.23
1122,1122,0,18,237670,603.01
1122,1122,0,19,222386,612.38
1122,1122,0,20,182661,744.11
1122,1122,0,21,222388,544.22
1122,1122,0,22,182663,1456.72
1122,1122,0,23,222390,854.4
1122,1122,0,24,299444,1258.72
1122,1122,0,25,182667,1874.54
1122,1122,0,26,237671,443.89
1122,1122,0,27,307616,676.57
1122,1122,0,28,182668,1876.94
1122,1122,0,29,307617,5787.34
1122,1122,0,30,182669,1067.4
1122,1122,0,31,222396,4386.63
1122,1122,0,32,222397,372.9
1122,1122,0,33,307618,1242.83
1122,1122,0,34,237672,436.06
1122,1122,0,35,182674,2651.89
1122,1122,0,36,222401,442.81
1122,1122,0,37,290667,1007.01
1122,1122,0,38,222403,1754.43
1122,1122,0,39,274235,564.02
1122,1122,0,40,182679,385.35
1122,1122,0,41,182680,453.09
1122,1122,0,42,222408,1413.75
1122,1122,0,43,222454,447.97
1122,1122,0,44,222410,332.92
1122,1122,0,45,222411,354.38
1122,1122,0,46,182686,297.67
1122,1122,0,47,237674,238.76
1122,1122,0,48,237675,589.04
1122,1122,0,49,274236,621.43
1122,1122,0,50,182687,487.95
1122,1122,0,51,222414,623.05
1122,1122,0,52,237677,595.06
1122,1122,0,53,237678,1362.98
1122,1122,0,54,222415,280.95
1122,1122,0,55,307620,1197.1
1122,1122,0,56,237679,949.21
1122,1122,0,57,182692,3425.6
1122,1122,0,58,222419,877.76
1122,1122,0,59,182694,1031.9
1122,1122,0,60,222421,520.61
1122,1122,0,61,222422,636.34
1122,1122,0,62,222423,490.5
1122,1122,0,63,222424,925.95
1122,1122,0,64,237728,855.19
1122,1122,0,65,237729,2519.02
1122,1122,0,66,274222,1055.7
1122,1122,0,67,222425,2158.93
1122,1122,0,68,222426,2015.48
1122,1122,0,69,222427,1078.23
1122,1122,0,70,237731,483.82
1122,1122,0,71,222428,496.89
1122,1122,0,72,182963,342.27
1122,1122,0,73,237732,994.37
1122,1122,0,74,237733,2250.08
1122,1122,0,75,237734,1996.35
1122,1122,0,76,183162,3020.03
1122,1122,1,1,222432,
1122,1122,1,2,183184,2946.54
1122,1122,1,3,237736,2048.07
1122,1122,1,4,237737,2270.87
1122,1122,1,5,222434,994.37
1122,1122,1,6,222435,336.7
1122,1122,1,7,237738,510.48
1122,1122,1,8,222436,473.9
1122,1122,1,9,222437,1106.34
1122,1122,1,10,183189,2035.22
1122,1122,1,11,274204,2094.74
1122,1122,1,12,237740,1068.11
1122,1122,1,13,237741,2519.25
1122,1122,1,14,222439,891.01
1122,1122,1,15,222440,910.14
1122,1122,1,16,222422,457.99
1122,1122,1,17,182698,727.73
1122,1122,1,18,182699,440.68
1122,1122,1,19,222444,1019.84
1122,1122,1,20,246294,863.7
1122,1122,1,21,237682,1471.22
1122,1122,1,22,307621,980.55
1122,1122,1,23,222448,1221.52
1122,1122,1,24,237683,276.14
1122,1122,1,25,237684,1426.49
1122,1122,1,26,182705,555.97
1122,1122,1,27,246272,646.84
1122,1122,1,28,274237,495.5
1122,1122,1,29,237686,602.02
1122,1122,1,30,237687,596.16
1122,1122,1,31,222451,239.5
1122,1122,1,32,222452,297.6
1122,1122,1,33,182709,354.1
1122,1122,1,34,222409,331.55
1122,1122,1,35,182711,394.34
1122,1122,1,36,182713,1473.66
1122,1122,1,37,182714,445.91
1122,1122,1,38,274060,403.66
1122,1122,1,39,182716,592.9
1122,1122,1,40,290667,1722.24
1122,1122,1,41,182718,1008.43
1122,1122,1,42,222463,498.78
1122,1122,1,43,237689,1728.13
1122,1122,1,44,307619,439.92
1122,1122,1,45,222466,1271.13
1122,1122,1,46,182723,2810.36
1122,1122,1,47,182724,1359.2
1122,1122,1,48,307585,1082.95
1122,1122,1,49,182725,260.5
1122,1122,1,50,307615,4780.49
1122,1122,1,51,237690,662.49
1122,1122,1,52,182726,1796.71
1122,1122,1,53,299444,1716.3
1122,1122,1,54,182729,1378.27
1122,1122,1,55,182730,871.25
1122,1122,1,56,182731,1421.3
1122,1122,1,57,182732,594.44
1122,1122,1,58,222477,747.11
1122,1122,1,59,237691,553.55
1122,1122,1,60,237692,591.5
1122,1122,1,61,274057,848.02
1122,1122,1,62,222478,2205.77
1122,1122,1,63,237695,907.34
1122,1122,1,64,246296,2246.25
1122,1122,1,65,274234,1170.98
1122,1122,1,66,237697,1129.52
1122,1122,1,67,222481,301.44
1122,1122,1,68,237698,320.8
1122,1122,1,69,222483,414.5
1122,1122,1,70,237699,424.8
1122,1122,1,71,151897,341.66
1122,1122,1,72,222367,488.37
1122,1122,1,73,237703,397.26
1122,1122,1,74,237704,341.72
1122,1122,1,75,182243,392.85
1122,1122,1,76,275455,358.92
1122,1122,1,77,286979,489.89
1122,1122,1,78,307559,379.3
1125,1125,0,1,293407,
1125,1125,0,2,293408,462.93
1125,1125,0,3,274209,2592.69
1125,1125,0,4,238316,504.96
1125,1125,0,5,145966,5953.81
1125,1125,0,6,274212,1055.33
1125,1125,0,7,274214,1084.06
1125,1125,0,8,145967,795.03
1125,1125,0,9,145968,4311.04
1125,1125,0,10,238319,1106.95
1125,1125,0,11,274216,831.2
1125,1125,0,12,238321,262.58
1125,1125,0,13,145969,469.1
1125,1125,1,1,145970,
1125,1125,1,2,238322,448.78
1125,1125,1,3,274217,264.13
1125,1125,1,4,238324,819.1
1125,1125,1,5,145971,1116.27
1125,1125,1,6,145972,4356.71
1125,1125,1,7,274215,785.23
1125,1125,1,8,274213,1092.49
1125,1125,1,9,145973,1099.92
1125,1125,1,10,238327,5891.73
1125,1125,1,11,274211,507.89
1125,1125,1,12,293409,2603.19
1125,1125,1,13,293407,470.01
1128,1128,0,1,302998,
1128,1128,0,2,307560,2145.32
1128,1128,0,3,182645,1024.51
1128,1128,0,4,182646,195.76
1128,1128,0,5,182648,681.85
1128,1128,0,6,222369,725.56
1128,1128,0,7,286980,318.3
1128,1128,0,8,151863,181.86
1128,1128,0,9,151864,461.54
1128,1128,0,10,237662,362.43
1128,1128,0,11,152283,432.42
1128,1128,0,12,237663,438.89
1128,1128,0,13,182656,296.85
1128,1128,0,14,237664,293.11
1128,1128,0,15,292477,377.64
1128,1128,0,16,292479,632.97
1128,1128,0,17,237872,177.33
1128,1128,0,18,238159,1883.51
1128,1128,0,19,238160,809.98
1128,1128,0,20,151870,707.24
1128,1128,0,21,151635,998.04
1128,1128,0,22,273896,1887.71
1128,1128,0,23,237875,8926.85
1128,1128,0,24,151874,889.84
1128,1128,0,25,237876,1372.45
1128,1128,0,26,151876,3142.48
1128,1128,0,27,151877,1747.37
1128,1128,0,28,299441,1411.07
1128,1128,0,29,299442,2363.85
1128,1128,0,30,299443,446.23
1128,1128,0,31,237877,1702.08
1128,1128,0,32,151879,824.22
1128,1128,0,33,151880,536.09
1128,1128,1,1,151881,
1128,1128,1,2,151882,577.48
1128,1128,1,3,237878,860.02
1128,1128,1,4,299442,1043.47
1128,1128,1,5,299443,446.08
1128,1128,1,6,299441,2881.28
1128,1128,1,7,151884,1521.71
1128,1128,1,8,151885,1785.71
1128,1128,1,9,151888,3113.2
1128,1128,1,10,151887,1377
1128,1128,1,11,237879,885.07
1128,1128,1,12,294438,8696.9
1128,1128,1,13,246304,1903.42
1128,1128,1,14,208842,1025.3
1128,1128,1,15,238266,700.99
1128,1128,1,16,238267,823.96
1128,1128,1,17,237882,362.32
1128,1128,1,18,292479,165.29
1128,1128,1,19,292477,632.49
1128,1128,1,20,237697,369.97
1128,1128,1,21,222481,2224.13
1128,1128,1,22,237698,320.88
1128,1128,1,23,222483,414.02
1128,1128,1,24,237699,425.21
1128,1128,1,25,151897,341.65
1128,1128,1,26,222367,488.38
1128,1128,1,27,286983,180.75
1128,1128,1,28,222369,168.98
1128,1128,1,29,151753,876.74
1128,1128,1,30,151755,682.31
1128,1128,1,31,151756,193.5
1128,1128,1,32,307559,815.51
1128,1128,1,33,302998,2147.88
1129,1129,0,1,307560,
1129,1129,0,2,286975,390.36
1129,1129,0,3,182874,478.86
1129,1129,0,4,241908,360.54
1129,1129,0,5,182876,396.53
1129,1129,0,6,237391,341.55
1129,1129,0,7,237516,552.87
1129,1129,0,8,222367,1036.33
1129,1129,0,9,286983,180.67
1129,1129,0,10,222369,168.17
1129,1129,0,11,182389,848.75
1129,1129,0,12,247718,883.46
1129,1129,0,13,247719,319.85
1129,1129,0,14,237521,466.66
1129,1129,0,15,182884,192.38
1129,1129,0,16,182332,839.51
1129,1129,0,17,237397,542.34
1129,1129,0,18,247675,288.06
1129,1129,0,19,276036,471.07
1129,1129,0,20,182444,188.58
1129,1129,0,21,286977,1570.76
1129,1129,0,22,286978,354.11
1129,1129,0,23,274203,521.19
1129,1129,0,24,237524,410.82
1129,1129,0,25,237465,317.72
1129,1129,0,26,182891,310.56
1129,1129,0,27,182201,684.3
1129,1129,0,28,237526,950.15
1129,1129,0,29,182893,465.35
1129,1129,0,30,182894,613.57
1129,1129,0,31,237527,287.85
1129,1129,0,32,237528,549.04
1129,1129,0,33,237529,763.9
1129,1129,0,34,182896,1192.86
1129,1129,0,35,237530,906.03
1129,1129,0,36,237531,636.79
1129,1129,0,37,237532,1010.4
1129,1129,0,38,237533,191.49
1129,1129,0,39,237534,1336.1
1129,1129,0,40,237535,810.98
1129,1129,0,41,182898,654.3
1129,1129,0,42,182899,596.79
1129,1129,0,43,247721,243.61
1129,1129,0,44,309069,1150.09
1129,1129,0,45,237537,281.4
1129,1129,0,46,182900,246.14
1129,1129,0,47,182901,113.29
1129,1129,0,48,237538,198.37
1129,1129,0,49,237539,485.4
1129,1129,0,50,237540,655.83
1129,1129,0,51,237541,1420.11
1129,1129,0,52,247722,544.55
1129,1129,0,53,182904,815.35
1129,1129,0,54,290655,801.55
1129,1129,1,1,279347,
1129,1129,1,2,182286,751.54
1129,1129,1,3,247730,837.86
1129,1129,1,4,237554,534.77
1129,1129,1,5,237555,1470.34
1129,1129,1,6,237556,635.24
1129,1129,1,7,237557,464.32
1129,1129,1,8,237558,146.38
1129,1129,1,9,182928,163.32
1129,1129,1,10,237559,264.52
1129,1129,1,11,309070,274.74
1129,1129,1,12,247731,1158.74
1129,1129,1,13,182929,258.23
1129,1129,1,14,182930,557.07
1129,1129,1,15,237561,720.07
1129,1129,1,16,237562,718.09
1129,1129,1,17,237563,1387.14
1129,1129,1,18,237564,146.8
1129,1129,1,19,237565,1047.5
1129,1129,1,20,237566,616.62
1129,1129,1,21,182932,916.94
1129,1129,1,22,237567,1203.35
1129,1129,1,23,237568,749.12
1129,1129,1,24,237569,563.59
1129,1129,1,25,182934,279.68
1129,1129,1,26,182935,652.55
1129,1129,1,27,237570,409.21
1129,1129,1,28,182226,963.51
1129,1129,1,29,276035,685.12
1129,1129,1,30,182369,297.52
1129,1129,1,31,237571,358.1
1129,1129,1,32,237572,265.55
1129,1129,1,33,286982,643.9
1129,1129,1,34,286981,340.36
1129,1129,1,35,275459,1521.93
1129,1129,1,36,247732,626.78
1129,1129,1,37,182942,326.2
1129,1129,1,38,182305,503.58
1129,1129,1,39,182944,853.82
1129,1129,1,40,237574,196.99
1129,1129,1,41,247733,459.41
1129,1129,1,42,247734,341.66
1129,1129,1,43,246303,851.35
1129,1129,1,44,222369,769.54
1129,1129,1,45,286980,189.03
1129,1129,1,46,151863,181.96
1129,1129,1,47,237579,433.08
1129,1129,1,48,237703,1158.42
1129,1129,1,49,237704,341.75
1129,1129,1,50,182243,393.1
1129,1129,1,51,275455,358.7
1129,1129,1,52,286979,489.86
1129,1129,1,53,307559,379.3
1130,1130,0,1,307548,
1130,1130,0,2,290047,479.5
1130,1130,0,3,146106,2630.13
1130,1130,0,4,146107,4463.64
1130,1130,0,5,302988,1920.21
1130,1130,0,6,302989,334.25
1130,1130,0,7,274232,4800.98
1130,1130,0,8,146108,1146.97
1130,1130,0,9,146109,3279.61
1130,1130,0,10,251514,648.39
1130,1130,0,11,146110,3148.88
1130,1130,0,12,146111,2402.81
1130,1130,0,13,251515,3172.4
1130,1130,0,14,276041,406.25
1130,1130,0,15,275344,471.2
1130,1130,1,1,275451,
1130,1130,1,2,238298,480.93
1130,1130,1,3,265052,572.5
1130,1130,1,4,146114,2997
1130,1130,1,5,146115,2403.03
1130,1130,1,6,265051,3147.16
1130,1130,1,7,146116,650.67
1130,1130,1,8,146117,3260.86
1130,1130,1,9,276693,1187.1
1130,1130,1,10,302988,4486.33
1130,1130,1,11,302989,316.33
1130,1130,1,12,146107,2235.3
1130,1130,1,13,146119,4464.3
1130,1130,1,14,238303,2628.44
1130,1130,1,15,307547,584.88
1132,1132,0,1,307560,
1132,1132,0,2,286975,390.35
1132,1132,0,3,182874,478.88
1132,1132,0,4,241908,360.83
1132,1132,0,5,182876,396.22
1132,1132,0,6,237391,341.51
1132,1132,0,7,237516,584.98
1132,1132,0,8,222367,1131.2
1132,1132,0,9,286983,180.67
1132,1132,0,10,222369,168.17
1132,1132,0,11,182389,848.7
1132,1132,0,12,247718,883.52
1132,1132,0,13,247719,319.83
1132,1132,0,14,237521,466.66
1132,1132,0,15,182884,192.38
1132,1132,0,16,182332,839.57
1132,1132,0,17,237397,542.22
1132,1132,0,18,247675,287.91
1132,1132,0,19,276036,471.45
1132,1132,0,20,182444,187.94
1132,1132,0,21,286977,1571.13
1132,1132,0,22,286978,354.16
1132,1132,0,23,274203,521.91
1132,1132,0,24,237524,410.12
1132,1132,0,25,237465,317.73
1132,1132,0,26,182891,310.56
1132,1132,0,27,182201,683.9
1132,1132,0,28,237526,949.5
1132,1132,0,29,182893,465.4
1132,1132,0,30,182894,613.57
1132,1132,0,31,237527,287.87
1132,1132,0,32,237528,549.03
1132,1132,0,33,237529,763.89
1132,1132,0,34,182896,1192.87
1132,1132,0,35,237530,906.04
1132,1132,0,36,237531,636.78
1132,1132,0,37,237532,1010.38
1132,1132,0,38,237533,191.42
1132,1132,0,39,237534,1606.04
1132,1132,0,40,237535,811.02
1132,1132,0,41,182898,654.32
1132,1132,0,42,182899,596.76
1132,1132,0,43,247721,243.61
1132,1132,0,44,309069,1150.09
1132,1132,0,45,237537,281.37
1132,1132,0,46,182900,246.18
1132,1132,0,47,182901,113.28
1132,1132,0,48,237538,198.19
1132,1132,0,49,237539,485.59
1132,1132,0,50,237540,655.83
1132,1132,0,51,237541,1419.91
1132,1132,0,52,247722,544.52
1132,1132,0,53,182904,815.35
1132,1132,0,54,237483,1278.95
1132,1132,0,55,182280,2488.96
1132,1132,0,56,237484,598
1132,1132,0,57,182281,441.87
1132,1132,0,58,182282,767.98
1132,1132,1,1,182283,
1132,1132,1,2,182284,586.07
1132,1132,1,3,237485,462.6
1132,1132,1,4,182285,577.44
1132,1132,1,5,237486,2487.56
1132,1132,1,6,182286,1267.42
1132,1132,1,7,247730,837.8
1132,1132,1,8,237554,534.82
1132,1132,1,9,237555,1470.24
1132,1132,1,10,237556,635.34
1132,1132,1,11,237557,464.16
1132,1132,1,12,237558,146.41
1132,1132,1,13,182928,163.32
1132,1132,1,14,237559,264.53
1132,1132,1,15,309070,274.74
1132,1132,1,16,247731,1158.83
1132,1132,1,17,182929,258.15
1132,1132,1,18,182930,557.08
1132,1132,1,19,237561,720.06
1132,1132,1,20,237562,718.07
1132,1132,1,21,237563,1387.24
1132,1132,1,22,237564,147.32
1132,1132,1,23,237565,1046.75
1132,1132,1,24,237566,616.3
1132,1132,1,25,182932,916.94
1132,1132,1,26,237567,1203.42
1132,1132,1,27,237568,749.03
1132,1132,1,28,237569,563.6
1132,1132,1,29,182934,279.68
1132,1132,1,30,182935,652.56
1132,1132,1,31,237570,409.21
1132,1132,1,32,182226,963.54
1132,1132,1,33,276035,685.13
1132,1132,1,34,182369,297.5
1132,1132,1,35,237571,358.19
1132,1132,1,36,237572,265.48
1132,1132,1,37,286982,643.85
1132,1132,1,38,286981,340.41
1132,1132,1,39,275459,1521.92
1132,1132,1,40,247732,626.96
1132,1132,1,41,182942,326.15
1132,1132,1,42,182305,503.69
1132,1132,1,43,182944,853.66
1132,1132,1,44,237574,197
1132,1132,1,45,247733,459.18
1132,1132,1,46,247734,341.91
1132,1132,1,47,246303,851.3
1132,1132,1,48,222369,761.35
1132,1132,1,49,286980,149.48
1132,1132,1,50,151863,181.86
1132,1132,1,51,237579,433.08
1132,1132,1,52,237703,1158.41
1132,1132,1,53,237704,341.73
1132,1132,1,54,182243,393.19
1132,1132,1,55,275455,358.67
1132,1132,1,56,286979,489.89
1132,1132,1,57,307559,362.23
1132,1132A,0,1,307560,
1132,1132A,0,2,286975,470.52
1132,1132A,0,3,302998,1759.22
1132,1132A,0,4,182874,1868.09
1132,1132A,0,5,241908,359.96
1132,1132A,0,6,182876,397.71
1132,1132A,0,7,237391,340.95
1132,1132A,0,8,237516,549.36
1132,1132A,0,9,222367,480.39
1132,1132A,0,10,286983,169.74
1132,1132A,0,11,222369,173.32
1132,1132A,0,12,182389,794.5
1132,1132A,0,13,247718,883.89
1132,1132A,0,14,247719,319.01
1132,1132A,0,15,237521,467.72
1132,1132A,0,16,182884,191.62
1132,1132A,0,17,182332,839.84
1132,1132A,0,18,237397,542.11
1132,1132A,0,19,247675,288.06
1132,1132A,0,20,276036,471.11
1132,1132A,0,21,182444,188.43
1132,1132A,0,22,286977,1570.77
1132,1132A,0,23,286978,354.19
1132,1132A,0,24,274203,521.18
1132,1132A,0,25,237524,410.83
1132,1132A,0,26,237465,317.71
1132,1132A,0,27,182891,310.57
1132,1132A,0,28,182201,683.91
1132,1132A,0,29,237526,949.49
1132,1132A,0,30,182893,465.4
1132,1132A,0,31,182894,613.57
1132,1132A,0,32,237527,287.87
1132,1132A,0,33,237528,549.03
1132,1132A,0,34,237529,763.9
1132,1132A,0,35,182896,1192.94
1132,1132A,0,36,237530,905.97
1132,1132A,0,37,237531,636.76
1132,1132A,0,38,237532,1010.39
1132,1132A,0,39,237533,191.4
1132,1132A,0,40,237534,1605.88
1132,1132A,0,41,237535,811.2
1132,1132A,0,42,182898,654.33
1132,1132A,0,43,182899,596.72
1132,1132A,0,44,247721,243.66
1132,1132A,0,45,309069,1150.09
1132,1132A,0,46,237537,281.4
1132,1132A,0,47,182900,246.14
1132,1132A,0,48,182901,113.27
1132,1132A,0,49,237538,198.39
1132,1132A,0,50,237539,485.4
1132,1132A,0,51,237540,655.86
1132,1132A,0,52,237541,1419.87
1132,1132A,0,53,247722,544.42
1132,1132A,0,54,182904,815.35
1132,1132A,0,55,237483,1278.96
1132,1132A,0,56,182280,2485.98
1132,1132A,0,57,237484,597.89
1132,1132A,0,58,182281,442.26
1132,1132A,0,59,182282,768.29
1132,1132A,1,1,182283,
1132,1132A,1,2,182284,586.11
1132,1132A,1,3,237485,462.55
1132,1132A,1,4,182285,577.43
1132,1132A,1,5,237486,2487.57
1132,1132A,1,6,182286,1267.46
1132,1132A,1,7,247730,837.75
1132,1132A,1,8,237554,534.82
1132,1132A,1,9,237555,1470.24
1132,1132A,1,10,237556,635.31
1132,1132A,1,11,237557,464.15
1132,1132A,1,12,237558,146.47
1132,1132A,1,13,182928,163.32
1132,1132A,1,14,237559,264.12
1132,1132A,1,15,309070,275.21
1132,1132A,1,16,247731,1158.8
1132,1132A,1,17,182929,258.18
1132,1132A,1,18,182930,557.07
1132,1132A,1,19,237561,720.07
1132,1132A,1,20,237562,718.1
1132,1132A,1,21,237563,1387.38
1132,1132A,1,22,237564,146.43
1132,1132A,1,23,237565,1047.84
1132,1132A,1,24,237566,616.63
1132,1132A,1,25,182932,916.88
1132,1132A,1,26,237567,1203.47
1132,1132A,1,27,237568,749.05
1132,1132A,1,28,237569,563.59
1132,1132A,1,29,182934,279.68
1132,1132A,1,30,182935,652.55
1132,1132A,1,31,237570,409.22
1132,1132A,1,32,182226,963.5
1132,1132A,1,33,276035,685.12
1132,1132A,1,34,182369,297.52
1132,1132A,1,35,237571,358.07
1132,1132A,1,36,237572,265.63
1132,1132A,1,37,286982,643.48
1132,1132A,1,38,286981,340.75
1132,1132A,1,39,275459,1522.03
1132,1132A,1,40,247732,626.61
1132,1132A,1,41,182942,326.25
1132,1132A,1,42,182305,503.78
1132,1132A,1,43,182944,853.59
1132,1132A,1,44,237574,197
1132,1132A,1,45,247733,459.17
1132,1132A,1,46,247734,341.85
1132,1132A,1,47,246303,851.21
1132,1132A,1,48,222369,716.05
1132,1132A,1,49,286980,307.56
1132,1132A,1,50,151863,181.97
1132,1132A,1,51,237579,433.07
1132,1132A,1,52,237703,1158.41
1132,1132A,1,53,237704,341.78
1132,1132A,1,54,182243,393.14
1132,1132A,1,55,275455,367.95
1132,1132A,1,56,302998,1873.73
1132,1132A,1,57,286979,2097.23
1132,1132A,1,58,307559,362.67
1133,1133,0,1,307560,
1133,1133,0,2,286975,470.85
1133,1133,0,3,182874,480.63
1133,1133,0,4,241908,359.93
1133,1133,0,5,182876,398.21
1133,1133,0,6,237391,340.45
1133,1133,0,7,237516,549.41
1133,1133,0,8,222367,1036.82
1133,1133,0,9,286983,169.72
1133,1133,0,10,222369,165.17
1133,1133,0,11,182389,834.58
1133,1133,0,12,247718,883.37
1133,1133,0,13,247719,319.87
1133,1133,0,14,237521,466.65
1133,1133,0,15,182884,192.43
1133,1133,0,16,182332,839.46
1133,1133,0,17,237397,542.32
1133,1133,0,18,247675,287.91
1133,1133,0,19,276036,471.21
1133,1133,0,20,182444,188.46
1133,1133,0,21,286977,1570.74
1133,1133,0,22,286978,354.26
1133,1133,0,23,274203,523.38
1133,1133,0,24,237524,408.76
1133,1133,0,25,237465,317.7
1133,1133,0,26,182891,310.57
1133,1133,0,27,182201,684.07
1133,1133,0,28,237526,949.34
1133,1133,0,29,182893,465.38
1133,1133,0,30,182341,384.65
1133,1133,0,31,182894,2082.7
1133,1133,0,32,237527,287.85
1133,1133,0,33,237528,549.05
1133,1133,0,34,237529,763.91
1133,1133,0,35,182896,1192.78
1133,1133,0,36,237530,906.1
1133,1133,0,37,237531,636.79
1133,1133,0,38,237532,1010.36
1133,1133,0,39,237533,191.45
1133,1133,0,40,237534,1335.28
1133,1133,0,41,237535,811.02
1133,1133,0,42,182898,654.31
1133,1133,0,43,182899,596.78
1133,1133,0,44,247721,243.61
1133,1133,0,45,309069,1150.08
1133,1133,0,46,237537,281.45
1133,1133,0,47,182900,246.08
1133,1133,0,48,182901,113.31
1133,1133,0,49,237538,198.17
1133,1133,0,50,237539,485.6
1133,1133,0,51,237606,745.74
1133,1133,0,52,237540,1137.48
1133,1133,0,53,237541,1419.91
1133,1133,0,54,247722,544.52
1133,1133,0,55,182904,815.35
1133,1133,0,56,279347,761.29
1133,1133,0,57,281905,1253.32
1133,1133,0,58,274223,969.53
1133,1133,0,59,182906,3432.74
1133,1133,0,60,182356,3027.66
1133,1133,0,61,247725,3154.52
1133,1133,0,62,247726,4577.19
1133,1133,0,63,247727,2305.8
1133,1133,0,64,182908,585.3
1133,1133,0,65,182909,1965.85
1133,1133,1,1,182909,
1133,1133,1,2,182921,1997.51
1133,1133,1,3,247728,593.74
1133,1133,1,4,251474,2287.79
1133,1133,1,5,251475,4593.18
1133,1133,1,6,182356,3172.43
1133,1133,1,7,182922,3009.92
1133,1133,1,8,182364,3776.13
1133,1133,1,9,279347,2920.52
1133,1133,1,10,182286,830.63
1133,1133,1,11,247730,837.74
1133,1133,1,12,237554,534.82
1133,1133,1,13,237555,1470.27
1133,1133,1,14,237606,1002.26
1133,1133,1,15,237556,840.87
1133,1133,1,16,237557,464.15
1133,1133,1,17,237558,146.47
1133,1133,1,18,182928,163.32
1133,1133,1,19,237559,265.15
1133,1133,1,20,309070,274.13
1133,1133,1,21,247731,1158.8
1133,1133,1,22,182929,258.18
1133,1133,1,23,182930,557.07
1133,1133,1,24,237561,720.07
1133,1133,1,25,237562,718.07
1133,1133,1,26,237563,1387.37
1133,1133,1,27,237564,146.59
1133,1133,1,28,237565,1047.5
1133,1133,1,29,237566,616.3
1133,1133,1,30,182932,916.94
1133,1133,1,31,237567,1203.35
1133,1133,1,32,237568,749.11
1133,1133,1,33,237569,563.6
1133,1133,1,34,182934,279.68
1133,1133,1,35,182341,927.44
1133,1133,1,36,182935,1546.66
1133,1133,1,37,237570,409.17
1133,1133,1,38,182226,963.47
1133,1133,1,39,276035,685.14
1133,1133,1,40,182369,297.52
1133,1133,1,41,237571,358.19
1133,1133,1,42,237572,265.48
1133,1133,1,43,286982,643.85
1133,1133,1,44,286981,340.41
1133,1133,1,45,275459,1521.92
1133,1133,1,46,247732,626.78
1133,1133,1,47,182942,326.2
1133,1133,1,48,182305,503.58
1133,1133,1,49,182944,853.81
1133,1133,1,50,237574,196.99
1133,1133,1,51,247733,459.35
1133,1133,1,52,247734,342.2
1133,1133,1,53,246303,850.76
1133,1133,1,54,222369,769.64
1133,1133,1,55,286980,325.35
1133,1133,1,56,151863,181.96
1133,1133,1,57,237579,433.08
1133,1133,1,58,237703,1158.41
1133,1133,1,59,237704,341.78
1133,1133,1,60,182243,393.02
1133,1133,1,61,275455,358.79
1133,1133,1,62,286979,489.89
1133,1133,1,63,307559,361.94
1135,1135,0,1,183162,
1135,1135,0,2,293251,505.19
1135,1135,0,3,238331,1194.71
1135,1135,0,4,146362,109.97
1135,1135,0,5,238332,1024.22
1135,1135,0,6,146363,1227.5
1135,1135,0,7,146364,2047.35
1135,1135,0,8,146365,1247.05
1135,1135,0,9,146366,463.54
1135,1135,0,10,274238,509.45
1135,1135,0,11,307623,392.18
1135,1135,0,12,274239,1018.01
1135,1135,0,13,146367,366.75
1135,1135,0,14,274240,512.41
1135,1135,0,15,146368,601.21
1135,1135,0,16,146369,1308.33
1135,1135,0,17,238337,614.79
1135,1135,0,18,238338,318.84
1135,1135,0,19,238339,780.43
1135,1135,0,20,238340,571.57
1135,1135,0,21,146370,418.39
1135,1135,0,22,238341,770.03
1135,1135,0,23,146371,897.69
1135,1135,0,24,238342,1964.02
1135,1135,0,25,146372,2299.28
1135,1135,0,26,238343,629.6
1135,1135,0,27,146373,732.2
1135,1135,0,28,251523,203.85
1135,1135,0,29,238344,1411.32
1135,1135,0,30,146374,278.77
1135,1135,0,31,146375,1667.8
1135,1135,0,32,290043,354.52
1135,1135,0,33,251528,409.16
1135,1135,0,34,290047,383.88
1135,1135,0,35,307547,594.15
1135,1135,1,1,307548,
1135,1135,1,2,238303,470.37
1135,1135,1,3,265054,394.36
1135,1135,1,4,290042,455.56
1135,1135,1,5,146380,295.55
1135,1135,1,6,146381,1693.07
1135,1135,1,7,238345,257.87
1135,1135,1,8,146382,1414.1
1135,1135,1,9,264554,218.39
1135,1135,1,10,238346,724.15
1135,1135,1,11,146383,621.34
1135,1135,1,12,238347,2307.58
1135,1135,1,13,146384,1904.78
1135,1135,1,14,238348,979.25
1135,1135,1,15,238349,729.05
1135,1135,1,16,146385,445.28
1135,1135,1,17,238350,574.04
1135,1135,1,18,238351,776.24
1135,1135,1,19,238352,321.12
1135,1135,1,20,146386,587.61
1135,1135,1,21,146387,1348.43
1135,1135,1,22,274241,563.92
1135,1135,1,23,146388,537.1
1135,1135,1,24,274243,369.52
1135,1135,1,25,310458,1021.2
1135,1135,1,26,274242,430.24
1135,1135,1,27,146389,462.52
1135,1135,1,28,146390,483.1
1135,1135,1,29,146391,1588.73
1135,1135,1,30,146392,1680.42
1135,1135,1,31,238357,1198.44
1135,1135,1,32,146393,1047.95
1135,1135,1,33,238358,109.77
1135,1135,1,34,293252,1231.8
1135,1135,1,35,222432,478.1
1135,1135A,0,1,183162,
1135,1135A,0,2,293251,505.2
1135,1135A,0,3,238331,1194.66
1135,1135A,0,4,146362,109.89
1135,1135A,0,5,238332,1024.18
1135,1135A,0,6,146363,1227.66
1135,1135A,0,7,146364,2047.35
1135,1135A,0,8,146365,1247.05
1135,1135A,0,9,146366,463.54
1135,1135A,0,10,274238,509.3
1135,1135A,0,11,274239,1411.04
1135,1135A,0,12,146367,365.63
1135,1135A,0,13,274240,512.38
1135,1135A,0,14,146368,601.24
1135,1135A,0,15,146369,1308.24
1135,1135A,0,16,238337,614.86
1135,1135A,0,17,238338,318.8
1135,1135A,0,18,238339,780.41
1135,1135A,0,19,238340,571.59
1135,1135A,0,20,146370,418.49
1135,1135A,0,21,238341,769.71
1135,1135A,0,22,146371,897.66
1135,1135A,0,23,238342,1964.02
1135,1135A,0,24,146372,2299.27
1135,1135A,0,25,238343,629.6
1135,1135A,0,26,146373,732.19
1135,1135A,0,27,251523,203.86
1135,1135A,0,28,238344,1411.32
1135,1135A,0,29,146374,278.69
1135,1135A,0,30,146375,1667.91
1135,1135A,0,31,290043,354.52
1135,1135A,0,32,251528,409.23
1135,1135A,0,33,290047,383.88
1135,1135A,0,34,307547,594.2
1135,1135A,0,35,302604,769.28
1135,1135A,1,1,302604,
1135,1135A,1,2,307548,894.53
1135,1135A,1,3,238303,470.44
1135,1135A,1,4,265054,394.4
1135,1135A,1,5,290042,455.62
1135,1135A,1,6,146380,295.52
1135,1135A,1,7,146381,1693.09
1135,1135A,1,8,238345,257.86
1135,1135A,1,9,146382,1414.1
1135,1135A,1,10,264554,218.39
1135,1135A,1,11,238346,724.13
1135,1135A,1,12,146383,621.33
1135,1135A,1,13,238347,2307.58
1135,1135A,1,14,146384,1904.77
1135,1135A,1,15,238348,962.79
1135,1135A,1,16,238349,729.7
1135,1135A,1,17,146385,444.72
1135,1135A,1,18,238350,574.01
1135,1135A,1,19,238351,776.2
1135,1135A,1,20,238352,321.08
1135,1135A,1,21,146386,587.62
1135,1135A,1,22,146387,1348.43
1135,1135A,1,23,274241,563.94
1135,1135A,1,24,146388,537.08
1135,1135A,1,25,274243,369.73
1135,1135A,1,26,274242,1440.54
1135,1135A,1,27,146389,462
1135,1135A,1,28,146390,482.93
1135,1135A,1,29,146391,1589.13
1135,1135A,1,30,146392,1680.1
1135,1135A,1,31,238357,1197.75
1135,1135A,1,32,146393,1048.63
1135,1135A,1,33,238358,109.74
1135,1135A,1,34,293252,1231.84
1135,1135A,1,35,222432,477.8
1136,1136,0,1,307560,
1136,1136,0,2,286975,391.1
1136,1136,0,3,182874,478.4
1136,1136,0,4,241908,360.42
1136,1136,0,5,182876,396.5
1136,1136,0,6,237391,341.41
1136,1136,0,7,237516,552.98
1136,1136,0,8,222367,1036.31
1136,1136,0,9,286983,180.75
1136,1136,0,10,222369,168.29
1136,1136,0,11,182389,848.52
1136,1136,0,12,247718,883.53
1136,1136,0,13,247719,319.87
1136,1136,0,14,237521,466.66
1136,1136,0,15,182884,192.42
1136,1136,0,16,182332,839.47
1136,1136,0,17,237397,542.34
1136,1136,0,18,247675,288
1136,1136,0,19,276036,471.14
1136,1136,0,20,182444,188.46
1136,1136,0,21,286977,1570.74
1136,1136,0,22,286978,354.13
1136,1136,0,23,274203,521.47
1136,1136,0,24,237524,410.53
1136,1136,0,25,237465,317.73
1136,1136,0,26,182891,310.57
1136,1136,0,27,182201,683.98
1136,1136,0,28,237526,949.42
1136,1136,0,29,182893,465.39
1136,1136,0,30,182894,613.57
1136,1136,0,31,237527,287.85
1136,1136,0,32,237528,549.04
1136,1136,0,33,237529,763.92
1136,1136,0,34,182896,1192.85
1136,1136,0,35,237530,906.03
1136,1136,0,36,237531,636.76
1136,1136,0,37,237532,1010.43
1136,1136,0,38,237533,191.13
1136,1136,0,39,237534,1606.21
1136,1136,0,40,237427,1063.26
1136,1136,0,41,182427,591.45
1136,1136,0,42,237428,533.91
1136,1136,0,43,237429,610.33
1136,1136,0,44,237430,533.88
1136,1136,0,45,237540,1077.98
1136,1136,1,1,237555,
1136,1136,1,2,237431,1022.11
1136,1136,1,3,237432,538.98
1136,1136,1,4,237433,587.82
1136,1136,1,5,182432,564.12
1136,1136,1,6,237434,571.23
1136,1136,1,7,237562,1014.35
1136,1136,1,8,237563,1387.03
1136,1136,1,9,237564,146.77
1136,1136,1,10,237565,1047.84
1136,1136,1,11,237566,616.62
1136,1136,1,12,182932,917.1
1136,1136,1,13,237567,1203.2
1136,1136,1,14,237568,749.12
1136,1136,1,15,237569,563.59
1136,1136,1,16,182934,279.68
1136,1136,1,17,182935,652.56
1136,1136,1,18,237570,409.25
1136,1136,1,19,182226,963.34
1136,1136,1,20,276035,685.12
1136,1136,1,21,182369,297.52
1136,1136,1,22,237571,358.07
1136,1136,1,23,237572,265.61
1136,1136,1,24,286982,643.84
1136,1136,1,25,286981,340.42
1136,1136,1,26,275459,1522.02
1136,1136,1,27,247732,626.61
1136,1136,1,28,182942,326.23
1136,1136,1,29,182305,503.58
1136,1136,1,30,182944,853.81
1136,1136,1,31,237574,196.99
1136,1136,1,32,247733,459.41
1136,1136,1,33,247734,342.15
1136,1136,1,34,246303,850.9
1136,1136,1,35,222369,769.5
1136,1136,1,36,286980,325.26
1136,1136,1,37,151863,181.97
1136,1136,1,38,237579,433.08
1136,1136,1,39,237703,1158.41
1136,1136,1,40,237704,341.74
1136,1136,1,41,182243,393.16
1136,1136,1,42,275455,358.62
1136,1136,1,43,286979,489.89
1136,1136,1,44,307559,359.01
1137,1137,0,1,222422,
1137,1137,0,2,222423,491.14
1137,1137,0,3,222424,927.69
1137,1137,0,4,237728,855.36
1137,1137,0,5,237729,2519
1137,1137,0,6,274222,1055.72
1137,1137,0,7,222425,2158.93
1137,1137,0,8,222426,2015.48
1137,1137,0,9,222427,1078.23
1137,1137,0,10,237731,483.82
1137,1137,0,11,222428,496.9
1137,1137,0,12,182963,342.24
1137,1137,0,13,237732,994.4
1137,1137,0,14,237733,2250.09
1137,1137,0,15,237734,1996.42
1137,1137,0,16,183162,3020.03
1137,1137,0,17,290692,958.95
1137,1137,0,18,238417,2868.37
1137,1137,0,19,238418,1361.88
1137,1137,0,20,251533,728.35
1137,1137,0,21,238419,409.45
1137,1137,0,22,274206,1121.08
1137,1137,0,23,238422,1864.86
1137,1137,0,24,182968,1867.99
1137,1137,0,25,238423,369.59
1137,1137,0,26,238424,560.95
1137,1137,0,27,238425,494.39
1137,1137,0,28,182970,2504.93
1137,1137,0,29,182971,2781.04
1137,1137,0,30,238427,2162.44
1137,1137,0,31,238428,827.79
1137,1137,0,32,182972,902.7
1137,1137,0,33,274207,591.47
1137,1137,0,34,182973,487.26
1137,1137,0,35,182974,460.74
1137,1137,0,36,307548,655.35
1137,1137,0,37,290047,543.54
1137,1137,0,38,311335,388.16
1137,1137,0,39,146374,2421
1137,1137,0,40,290076,1363.04
1137,1137,0,41,290055,1232.04
1137,1137,0,42,238432,2299.04
1137,1137,0,43,238433,1144.92
1137,1137,0,44,238434,1059.18
1137,1137,0,45,238454,566.45
1137,1137,0,46,238435,500.18
1137,1137,0,47,238436,580.85
1137,1137,0,48,251534,395.51
1137,1137,0,49,238437,377.85
1137,1137,0,50,238438,669.85
1137,1137,0,51,274208,1152.49
1137,1137,0,52,259401,944.51
1137,1137,0,53,274210,721.26
1137,1137,0,54,182979,734.12
1137,1137,0,55,238442,1762.32
1137,1137,0,56,238443,1266.38
1137,1137,0,57,307624,1605.03
1137,1137,0,58,251515,725.19
1137,1137,0,59,276041,1841.83
1137,1137,0,60,275344,471.26
1137,1137,1,1,275451,
1137,1137,1,2,238298,477.91
1137,1137,1,3,265052,572.4
1137,1137,1,4,307625,506.53
1137,1137,1,5,238445,1614.75
1137,1137,1,6,238446,4398
1137,1137,1,7,182988,1839.87
1137,1137,1,8,274218,735.64
1137,1137,1,9,265784,717.49
1137,1137,1,10,274219,952.52
1137,1137,1,11,238450,1141.21
1137,1137,1,12,238451,690.72
1137,1137,1,13,238452,780.99
1137,1137,1,14,238453,377.49
1137,1137,1,15,264713,661.66
1137,1137,1,16,182989,588.09
1137,1137,1,17,238455,1060.32
1137,1137,1,18,238456,1144.29
1137,1137,1,19,290058,2542.05
1137,1137,1,20,290077,994.36
1137,1137,1,21,146374,1354.48
1137,1137,1,22,311337,2433.76
1137,1137,1,23,238303,393.1
1137,1137,1,24,307548,481.15
1137,1137,1,25,182993,796.43
1137,1137,1,26,183175,466.4
1137,1137,1,27,259404,475.34
1137,1137,1,28,182995,573.88
1137,1137,1,29,238459,930.17
1137,1137,1,30,238460,858.36
1137,1137,1,31,182996,2138.65
1137,1137,1,32,182997,2807.03
1137,1137,1,33,259407,2509.27
1137,1137,1,34,238462,516.25
1137,1137,1,35,238463,554.82
1137,1137,1,36,182999,351.95
1137,1137,1,37,238464,1886.34
1137,1137,1,38,274220,1696.32
1137,1137,1,39,238467,1276.9
1137,1137,1,40,265055,439.59
1137,1137,1,41,238468,625.92
1137,1137,1,42,238469,1507.55
1137,1137,1,43,290693,2825.58
1137,1137,1,44,222432,968.44
1137,1137,1,45,183184,2949.11
1137,1137,1,46,237736,2052.64
1137,1137,1,47,237737,2266.44
1137,1137,1,48,222434,994.37
1137,1137,1,49,222435,336.75
1137,1137,1,50,237738,510.43
1137,1137,1,51,222436,473.9
1137,1137,1,52,222437,1106.34
1137,1137,1,53,183189,2035.03
1137,1137,1,54,274204,2094.8
1137,1137,1,55,237740,1068.12
1137,1137,1,56,237741,2519.26
1137,1137,1,57,222439,891.19
1137,1137,1,58,222440,910.62
1137,1137,1,59,222422,463.47
1139,1139,0,1,307560,
1139,1139,0,2,182645,844.43
1139,1139,0,3,182646,195.66
1139,1139,0,4,182648,681.85
1139,1139,0,5,222369,797.21
1139,1139,0,6,286980,325.53
1139,1139,0,7,151863,181.96
1139,1139,0,8,237516,441.74
1139,1139,0,9,237772,723.59
1139,1139,0,10,237773,419.62
1139,1139,0,11,237774,338.09
1139,1139,0,12,237775,125.75
1139,1139,0,13,237776,420.04
1139,1139,0,14,237777,404.65
1139,1139,0,15,237778,293.52
1139,1139,0,16,274226,527.61
1139,1139,0,17,274228,372.52
1139,1139,0,18,274230,332.47
1139,1139,0,19,237782,249.33
1139,1139,0,20,237783,592.29
1139,1139,0,21,237784,338.81
1139,1139,0,22,151983,440.93
1139,1139,0,23,237785,1668.96
1139,1139,0,24,290720,182.7
1139,1139,0,25,290662,365.35
1139,1139,0,26,237786,319.39
1139,1139,0,27,237788,290.02
1139,1139,0,28,151985,436.88
1139,1139,0,29,237789,1127.05
1139,1139,0,30,237790,846.51
1139,1139,0,31,151986,315.07
1139,1139,0,32,151987,1887.64
1139,1139,0,33,237836,1116.68
1139,1139,0,34,237837,1676.45
1139,1139,0,35,237838,711.99
1139,1139,0,36,308700,230.77
1139,1139,0,37,222336,531.82
1139,1139,0,38,237840,620.4
1139,1139,0,39,237841,2260.13
1139,1139,0,40,222325,692.41
1139,1139,0,41,237842,424.69
1139,1139,0,42,237844,1262.72
1139,1139,0,43,237845,337.23
1139,1139,0,44,182667,546.25
1139,1139,0,45,237671,452.2
1139,1139,1,1,237690,
1139,1139,1,2,182726,473.99
1139,1139,1,3,237848,524.78
1139,1139,1,4,237849,832.07
1139,1139,1,5,237851,725.41
1139,1139,1,6,222333,496.33
1139,1139,1,7,222334,690.47
1139,1139,1,8,237852,2230.81
1139,1139,1,9,222323,597.49
1139,1139,1,10,308702,517.7
1139,1139,1,11,237854,270.29
1139,1139,1,12,237855,730.44
1139,1139,1,13,237856,1661.39
1139,1139,1,14,151990,1135.18
1139,1139,1,15,151991,1844.96
1139,1139,1,16,237791,346.64
1139,1139,1,17,237792,840.84
1139,1139,1,18,151992,1118.84
1139,1139,1,19,237793,440.75
1139,1139,1,20,237794,425.35
1139,1139,1,21,290663,194.13
1139,1139,1,22,290719,374.81
1139,1139,1,23,251518,187.98
1139,1139,1,24,151994,1643.89
1139,1139,1,25,237797,455.07
1139,1139,1,26,237798,359.07
1139,1139,1,27,237799,582.48
1139,1139,1,28,274231,238.07
1139,1139,1,29,274229,306.01
1139,1139,1,30,274227,373.73
1139,1139,1,31,237803,531.08
1139,1139,1,32,237804,297.19
1139,1139,1,33,151996,431.2
1139,1139,1,34,237805,387.78
1139,1139,1,35,237806,130.88
1139,1139,1,36,282629,338.94
1139,1139,1,37,237808,420.23
1139,1139,1,38,310308,723.29
1139,1139,1,39,222367,448.64
1139,1139,1,40,286983,177.78
1139,1139,1,41,222369,169.5
1139,1139,1,42,282680,321.12
1139,1139,1,43,237703,400.22
1139,1139,1,44,237704,341.71
1139,1139,1,45,182243,393.08
1139,1139,1,46,275455,358.82
1139,1139,1,47,286979,489.86
1139,1139,1,48,307559,362.23
1139,1139B,0,1,307560,
1139,1139B,0,2,302998,2231
1139,1139B,0,3,182645,2380.96
1139,1139B,0,4,182646,195.89
1139,1139B,0,5,182648,681.85
1139,1139B,0,6,222369,796.22
1139,1139B,0,7,286980,326.68
1139,1139B,0,8,151863,181.86
1139,1139B,0,9,237516,441.74
1139,1139B,0,10,237772,723.59
1139,1139B,0,11,237773,419.62
1139,1139B,0,12,237774,338.1
1139,1139B,0,13,237775,125.75
1139,1139B,0,14,237776,420.04
1139,1139B,0,15,237777,404.64
1139,1139B,0,16,237778,293.45
1139,1139B,0,17,274226,527.76
1139,1139B,0,18,274228,372.41
1139,1139B,0,19,274230,332.51
1139,1139B,0,20,237782,249.33
1139,1139B,0,21,237783,592.32
1139,1139B,0,22,237784,338.75
1139,1139B,0,23,151983,440.96
1139,1139B,0,24,237785,1669.37
1139,1139B,0,25,290720,182.35
1139,1139B,0,26,290662,365.34
1139,1139B,0,27,237786,319.35
1139,1139B,0,28,237788,290.02
1139,1139B,0,29,151985,437.16
1139,1139B,0,30,237789,1126.71
1139,1139B,0,31,237790,846.56
1139,1139B,0,32,151986,315.07
1139,1139B,0,33,151987,1887.95
1139,1139B,0,34,151988,2843.23
1139,1139B,0,35,237836,2660.18
1139,1139B,0,36,237837,1676.45
1139,1139B,0,37,237838,711.97
1139,1139B,0,38,308700,230.77
1139,1139B,0,39,222336,531.82
1139,1139B,0,40,237840,620.4
1139,1139B,0,41,237841,2260.13
1139,1139B,0,42,222325,692.53
1139,1139B,0,43,237842,424.04
1139,1139B,0,44,237844,1263.06
1139,1139B,0,45,237845,337.24
1139,1139B,0,46,182667,546.24
1139,1139B,0,47,237671,452.29
1139,1139B,1,1,237690,
1139,1139B,1,2,182726,473.63
1139,1139B,1,3,237848,524.81
1139,1139B,1,4,237849,832.07
1139,1139B,1,5,237851,726.63
1139,1139B,1,6,222333,495.09
1139,1139B,1,7,222334,690.47
1139,1139B,1,8,237852,2230.8
1139,1139B,1,9,222323,597.5
1139,1139B,1,10,308702,517.7
1139,1139B,1,11,237854,270.28
1139,1139B,1,12,237855,730.51
1139,1139B,1,13,237856,1661.32
1139,1139B,1,14,151988,2421.59
1139,1139B,1,15,151990,3100.7
1139,1139B,1,16,151991,1844.98
1139,1139B,1,17,237791,346.67
1139,1139B,1,18,237792,840.71
1139,1139B,1,19,151992,1119.21
1139,1139B,1,20,237793,441.06
1139,1139B,1,21,237794,424.68
1139,1139B,1,22,290663,194.15
1139,1139B,1,23,290719,374.81
1139,1139B,1,24,251518,187.95
1139,1139B,1,25,151994,1643.94
1139,1139B,1,26,237797,455.07
1139,1139B,1,27,237798,359.05
1139,1139B,1,28,237799,582.54
1139,1139B,1,29,274231,238.06
1139,1139B,1,30,274229,306.01
1139,1139B,1,31,274227,373.73
1139,1139B,1,32,237803,531.09
1139,1139B,1,33,237804,297.18
1139,1139B,1,34,151996,431.2
1139,1139B,1,35,237805,387.73
1139,1139B,1,36,237806,130.93
1139,1139B,1,37,282629,337.74
1139,1139B,1,38,237808,429.67
1139,1139B,1,39,310308,723.26
1139,1139B,1,40,222367,448.66
1139,1139B,1,41,286983,178.38
1139,1139B,1,42,222369,168.89
1139,1139B,1,43,282680,321.12
1139,1139B,1,44,237703,400.23
1139,1139B,1,45,237704,341.74
1139,1139B,1,46,182243,392.12
1139,1139B,1,47,275455,359.63
1139,1139B,1,48,302998,1863.79
1139,1139B,1,49,286979,2093.72
1139,1139B,1,50,307559,368.3
1139,1139C,0,1,307560,
1139,1139C,0,2,182645,844.43
1139,1139C,0,3,182646,195.66
1139,1139C,0,4,182648,681.85
1139,1139C,0,5,222369,797.21
1139,1139C,0,6,286980,325.53
1139,1139C,0,7,151863,181.96
1139,1139C,0,8,237516,441.74
1139,1139C,0,9,237772,723.59
1139,1139C,0,10,237773,419.62
1139,1139C,0,11,237774,338.09
1139,1139C,0,12,237775,125.75
1139,1139C,0,13,237776,420.04
1139,1139C,0,14,237777,404.65
1139,1139C,0,15,237778,293.52
1139,1139C,0,16,274226,527.61
1139,1139C,0,17,274228,372.52
1139,1139C,0,18,274230,332.47
1139,1139C,0,19,237782,249.33
1139,1139C,0,20,237783,592.29
1139,1139C,0,21,237784,338.81
1139,1139C,0,22,151983,440.93
1139,1139C,0,23,237785,1668.96
1139,1139C,0,24,290720,182.7
1139,1139C,0,25,290662,365.35
1139,1139C,0,26,237786,319.39
1139,1139C,0,27,237788,290.02
1139,1139C,0,28,151985,436.88
1139,1139C,0,29,237789,1127.05
1139,1139C,0,30,237790,846.51
1139,1139C,0,31,151986,315.07
1139,1139C,0,32,151987,1887.95
1139,1139C,0,33,151988,2843.23
1139,1139C,0,34,237836,2660.17
1139,1139C,0,35,237837,1676.45
1139,1139C,0,36,237838,711.99
1139,1139C,0,37,308700,230.77
1139,1139C,0,38,222336,531.82
1139,1139C,0,39,237840,620.4
1139,1139C,0,40,237841,2260.13
1139,1139C,0,41,222325,692.41
1139,1139C,0,42,237842,424.69
1139,1139C,0,43,237844,1262.72
1139,1139C,0,44,237845,337.23
1139,1139C,0,45,182667,546.25
1139,1139C,0,46,237671,452.2
1139,1139C,1,1,237690,
1139,1139C,1,2,182726,473.99
1139,1139C,1,3,237848,524.78
1139,1139C,1,4,237849,832.07
1139,1139C,1,5,237851,725.41
1139,1139C,1,6,222333,496.33
1139,1139C,1,7,222334,690.47
1139,1139C,1,8,237852,2230.81
1139,1139C,1,9,222323,597.49
1139,1139C,1,10,308702,517.7
1139,1139C,1,11,237854,270.29
1139,1139C,1,12,237855,730.44
1139,1139C,1,13,237856,1661.37
1139,1139C,1,14,151988,2421.57
1139,1139C,1,15,151990,3100.7
1139,1139C,1,16,151991,1844.96
1139,1139C,1,17,237791,346.64
1139,1139C,1,18,237792,840.84
1139,1139C,1,19,151992,1118.84
1139,1139C,1,20,237793,440.75
1139,1139C,1,21,237794,425.35
1139,1139C,1,22,290663,194.13
1139,1139C,1,23,290719,374.81
1139,1139C,1,24,251518,187.98
1139,1139C,1,25,151994,1643.89
1139,1139C,1,26,237797,455.07
1139,1139C,1,27,237798,359.07
1139,1139C,1,28,237799,582.48
1139,1139C,1,29,274231,238.07
1139,1139C,1,30,274229,306.01
1139,1139C,1,31,274227,373.73
1139,1139C,1,32,237803,531.08
1139,1139C,1,33,237804,297.19
1139,1139C,1,34,151996,431.2
1139,1139C,1,35,237805,387.78
1139,1139C,1,36,237806,130.88
1139,1139C,1,37,282629,344.34
1139,1139C,1,38,237808,420.23
1139,1139C,1,39,310308,723.27
1139,1139C,1,40,222367,448.64
1139,1139C,1,41,286983,177.78
1139,1139C,1,42,222369,169.5
1139,1139C,1,43,282680,321.12
1139,1139C,1,44,237703,400.22
1139,1139C,1,45,237704,341.71
1139,1139C,1,46,182243,393.08
1139,1139C,1,47,275455,358.82
1139,1139C,1,48,286979,489.86
1139,1139C,1,49,307559,359.92
1140,1140,0,1,307560,
1140,1140,0,2,182645,843.86
1140,1140,0,3,308690,435.75
1140,1140,0,4,182648,451.99
1140,1140,0,5,151863,715.07
1140,1140,0,6,151864,461.59
1140,1140,0,7,237662,362.51
1140,1140,0,8,152283,432.31
1140,1140,0,9,237663,438.89
1140,1140,0,10,182656,296.85
1140,1140,0,11,237664,293.11
1140,1140,0,12,292477,377.64
1140,1140,0,13,292479,632.97
1140,1140,0,14,237872,175.1
1140,1140,0,15,238159,1883.5
1140,1140,0,16,238160,809.95
1140,1140,0,17,151870,707.27
1140,1140,0,18,151635,998.03
1140,1140,0,19,308938,1946.73
1140,1140,0,20,307626,470.81
1140,1140,0,21,238161,921.06
1140,1140,0,22,151637,995.8
1140,1140,0,23,238162,1090.29
1140,1140,0,24,247682,1189.69
1140,1140,0,25,247684,1081.37
1140,1140,0,26,151638,597.25
1140,1140,0,27,238165,661.42
1140,1140,0,28,247683,1310.08
1140,1140,0,29,292481,2522.52
1140,1140,0,30,151640,600.7
1140,1140,0,31,247685,1108.5
1140,1140,0,32,238168,4796
1140,1140,0,33,238169,334.92
1140,1140,0,34,238170,188.94
1140,1140,0,35,238171,2938.33
1140,1140,0,36,308939,868.28
1140,1140,0,37,247686,1395.19
1140,1140,0,38,238002,590.43
1140,1140,0,39,247687,634.33
1140,1140,0,40,151644,2169.93
1140,1140,0,41,247688,3273.31
1140,1140,0,42,238175,804.83
1140,1140,0,43,251464,329.25
1140,1140,0,44,151647,757.36
1140,1140,0,45,238008,359.44
1140,1140,0,46,247689,865.32
1140,1140,0,47,151649,579.6
1140,1140,0,48,292631,1628.41
1140,1140,0,49,308751,904.42
1140,1140,0,50,292633,842.74
1140,1140,0,51,151650,421.25
1140,1140,0,52,238178,262.43
1140,1140,0,53,238179,1177.56
1140,1140,0,54,151651,750.13
1140,1140,0,55,292562,205.8
1140,1140,0,56,247690,689.96
1140,1140,0,57,247697,688.76
1140,1140,0,58,247698,776.55
1140,1140,0,59,238183,692.99
1140,1140,0,60,292566,718.3
1140,1140,0,61,151652,550.11
1140,1140,0,62,238321,201.64
1140,1140,0,63,274216,262.67
1140,1140,0,64,145969,777.68
1140,1140,0,65,292568,2590.92
1140,1140,0,66,151654,1761.71
1140,1140,0,67,238186,5233.7
1140,1140,0,68,146102,254.23
1140,1140,0,69,247691,2330.09
1140,1140,0,70,238188,420
1140,1140,0,71,151656,518.14
1140,1140,0,72,247692,287.92
1140,1140,0,73,238190,392.58
1140,1140,0,74,292584,348.8
1140,1140,0,75,247699,452.33
1140,1140,0,76,151657,776.05
1140,1140,0,77,290690,593.26
1140,1140,0,78,152311,419.04
1140,1140,0,79,238034,574.2
1140,1140,0,80,292587,594.39
1140,1140,0,81,238192,689.63
1140,1140,0,82,292593,633.09
1140,1140,0,83,238193,200.53
1140,1140,1,1,238233,
1140,1140,1,2,292594,181.75
1140,1140,1,3,238234,641.68
1140,1140,1,4,292586,687.08
1140,1140,1,5,151718,602.72
1140,1140,1,6,151719,566.23
1140,1140,1,7,290691,421.36
1140,1140,1,8,151720,606.9
1140,1140,1,9,247703,799.73
1140,1140,1,10,292585,379.45
1140,1140,1,11,238236,393.1
1140,1140,1,12,247704,385.55
1140,1140,1,13,151721,297.03
1140,1140,1,14,238238,505.35
1140,1140,1,15,247706,423.64
1140,1140,1,16,145794,2327.07
1140,1140,1,17,238240,304.53
1140,1140,1,18,151723,5165.08
1140,1140,1,19,292569,1780.08
1140,1140,1,20,145970,2609.07
1140,1140,1,21,238322,448.94
1140,1140,1,22,274217,309.39
1140,1140,1,23,208824,465.52
1140,1140,1,24,292567,547.01
1140,1140,1,25,238243,724.56
1140,1140,1,26,247707,688.97
1140,1140,1,27,247708,776.8
1140,1140,1,28,247709,689.93
1140,1140,1,29,292563,690.01
1140,1140,1,30,151726,188.81
1140,1140,1,31,238247,753.62
1140,1140,1,32,238248,1187.39
1140,1140,1,33,151727,255.57
1140,1140,1,34,292634,441.11
1140,1140,1,35,308752,939.72
1140,1140,1,36,292632,856.81
1140,1140,1,37,208827,1574.97
1140,1140,1,38,247716,568.05
1140,1140,1,39,151729,874.65
1140,1140,1,40,151730,352.68
1140,1140,1,41,251465,745.51
1140,1140,1,42,238251,346.83
1140,1140,1,43,247649,800.97
1140,1140,1,44,208832,3210.98
1140,1140,1,45,247710,1970.9
1140,1140,1,46,151643,844.96
1140,1140,1,47,247711,637.95
1140,1140,1,48,308940,1399.74
1140,1140,1,49,238255,788.16
1140,1140,1,50,238256,3021.74
1140,1140,1,51,238257,191.45
1140,1140,1,52,238258,336.88
1140,1140,1,53,247712,4790.9
1140,1140,1,54,151737,1115.31
1140,1140,1,55,292482,600.58
1140,1140,1,56,247713,2518.98
1140,1140,1,57,238261,1327.19
1140,1140,1,58,151739,678.68
1140,1140,1,59,247714,549.8
1140,1140,1,60,247715,1089.12
1140,1140,1,61,238264,1515.2
1140,1140,1,62,151740,732.2
1140,1140,1,63,238265,1019.79
1140,1140,1,64,307627,976.76
1140,1140,1,65,273897,475.57
1140,1140,1,66,246304,1892.9
1140,1140,1,67,208842,1027.36
1140,1140,1,68,238266,701.02
1140,1140,1,69,238267,823.95
1140,1140,1,70,237882,362.32
1140,1140,1,71,292480,280.24
1140,1140,1,72,292478,531.34
1140,1140,1,73,237697,363.19
1140,1140,1,74,222481,301.43
1140,1140,1,75,237698,320.79
1140,1140,1,76,222483,414.04
1140,1140,1,77,237699,425.19
1140,1140,1,78,151897,341.78
1140,1140,1,79,222367,488.35
1140,1140,1,80,151753,714.65
1140,1140,1,81,308691,431.3
1140,1140,1,82,151756,444.92
1140,1140,1,83,307559,796.89
1141,1141,0,1,307560,
1141,1141,0,2,286975,390.36
1141,1141,0,3,182874,478.88
1141,1141,0,4,241908,360.52
1141,1141,0,5,182876,396.5
1141,1141,0,6,237391,341.41
1141,1141,0,7,237516,553.01
1141,1141,0,8,222367,1169.34
1141,1141,0,9,286983,180.74
1141,1141,0,10,222369,168.1
1141,1141,0,11,182389,848.88
1141,1141,0,12,247718,883.51
1141,1141,0,13,247719,319.83
1141,1141,0,14,237521,466.67
1141,1141,0,15,182884,192.4
1141,1141,0,16,182332,839.56
1141,1141,0,17,237397,542.22
1141,1141,0,18,247675,287.91
1141,1141,0,19,276036,471.21
1141,1141,0,20,182444,188.12
1141,1141,0,21,286977,1571.09
1141,1141,0,22,286978,354.12
1141,1141,0,23,274203,521.19
1141,1141,0,24,237524,410.82
1141,1141,0,25,237465,317.72
1141,1141,0,26,182891,310.56
1141,1141,0,27,182201,683.98
1141,1141,0,28,237526,949.42
1141,1141,0,29,182893,465.4
1141,1141,0,30,182894,613.58
1141,1141,0,31,237527,287.86
1141,1141,0,32,237528,549.02
1141,1141,0,33,237529,763.91
1141,1141,0,34,182896,1192.8
1141,1141,0,35,237530,906.1
1141,1141,0,36,237531,636.76
1141,1141,0,37,237532,1010.43
1141,1141,0,38,237533,195.17
1141,1141,0,39,237534,1335.49
1141,1141,0,40,237535,813.11
1141,1141,0,41,182898,654.3
1141,1141,0,42,182899,596.79
1141,1141,0,43,247721,243.61
1141,1141,0,44,309069,1150.09
1141,1141,0,45,237537,281.45
1141,1141,0,46,182900,246.1
1141,1141,0,47,182901,113.28
1141,1141,0,48,237538,198.19
1141,1141,0,49,237539,485.6
1141,1141,0,50,237540,655.86
1141,1141,0,51,237541,1419.89
1141,1141,0,52,247722,544.52
1141,1141,0,53,182904,815.35
1141,1141,0,54,279347,761.29
1141,1141,0,55,281905,1268.12
1141,1141,0,56,274223,969.68
1141,1141,0,57,182906,3432.71
1141,1141,0,58,247725,1952.16
1141,1141,0,59,247726,4575.57
1141,1141,0,60,247727,2305.72
1141,1141,0,61,182908,591.95
1141,1141,0,62,182909,1969.39
1141,1141,0,63,182910,2789.69
1141,1141,0,64,182911,1487.32
1141,1141,0,65,182912,3605.88
1141,1141,0,66,182913,4358.48
1141,1141,0,67,182914,3494.5
1141,1141,0,68,211686,19488.23
1141,1141,0,69,211687,20373.2
1141,1141,0,70,211688,3570.38
1141,1141,0,71,211689,5036.54
1141,1141,0,72,211690,4170.95
1141,1141,0,73,247628,16818.19
1141,1141,1,1,247628,
1141,1141,1,2,211693,16797.89
1141,1141,1,3,211694,4161.02
1141,1141,1,4,211695,3846.63
1141,1141,1,5,211696,4759.35
1141,1141,1,6,211697,20408.32
1141,1141,1,7,211698,19520.66
1141,1141,1,8,182916,3494.23
1141,1141,1,9,182917,4306.84
1141,1141,1,10,182918,2041.25
1141,1141,1,11,182919,3098.72
1141,1141,1,12,182909,2632.84
1141,1141,1,13,182921,1997.5
1141,1141,1,14,247728,593.75
1141,1141,1,15,251474,2287.79
1141,1141,1,16,251475,4593.12
1141,1141,1,17,182922,1952.62
1141,1141,1,18,182364,3774.51
1141,1141,1,19,182286,2755.87
1141,1141,1,20,247730,836.83
1141,1141,1,21,237554,534.71
1141,1141,1,22,237555,1470.37
1141,1141,1,23,237556,635.31
1141,1141,1,24,237557,464.15
1141,1141,1,25,237558,146.47
1141,1141,1,26,182928,163.32
1141,1141,1,27,237559,265.15
1141,1141,1,28,309070,274.13
1141,1141,1,29,247731,1158.74
1141,1141,1,30,182929,258.23
1141,1141,1,31,182930,557.08
1141,1141,1,32,237561,720.06
1141,1141,1,33,237562,718.07
1141,1141,1,34,237563,1386.99
1141,1141,1,35,237564,146.92
1141,1141,1,36,237565,1047.5
1141,1141,1,37,237566,616.62
1141,1141,1,38,182932,916.94
1141,1141,1,39,237567,1203.35
1141,1141,1,40,237568,749.12
1141,1141,1,41,237569,563.59
1141,1141,1,42,182934,279.69
1141,1141,1,43,182935,652.55
1141,1141,1,44,237570,409.25
1141,1141,1,45,182226,963.32
1141,1141,1,46,276035,685.14
1141,1141,1,47,182369,297.5
1141,1141,1,48,237571,358.07
1141,1141,1,49,237572,265.62
1141,1141,1,50,286982,643.86
1141,1141,1,51,286981,340.37
1141,1141,1,52,275459,1522.09
1141,1141,1,53,247732,627.14
1141,1141,1,54,182942,326.21
1141,1141,1,55,182305,503.78
1141,1141,1,56,182944,853.59
1141,1141,1,57,237574,197
1141,1141,1,58,247733,459.09
1141,1141,1,59,247734,342.41
1141,1141,1,60,246303,850.86
1141,1141,1,61,222369,718.24
1141,1141,1,62,286980,305.47
1141,1141,1,63,151863,181.86
1141,1141,1,64,237579,433.08
1141,1141,1,65,237703,1158.42
1141,1141,1,66,237704,341.73
1141,1141,1,67,182243,393.18
1141,1141,1,68,275455,358.62
1141,1141,1,69,286979,489.89
1141,1141,1,70,307559,359.01
1141,1141A,0,1,307560,
1141,1141A,0,2,286975,390.36
1141,1141A,0,3,182874,478.87
1141,1141A,0,4,241908,360.53
1141,1141A,0,5,182876,396.53
1141,1141A,0,6,237391,341.46
1141,1141A,0,7,237516,553.01
1141,1141A,0,8,222367,1169.34
1141,1141A,0,9,286983,180.67
1141,1141A,0,10,222369,145.4
1141,1141A,0,11,182389,757.83
1141,1141A,0,12,247718,883.47
1141,1141A,0,13,247719,319.84
1141,1141A,0,14,237521,466.66
1141,1141A,0,15,182884,192.42
1141,1141A,0,16,182332,839.46
1141,1141A,0,17,237397,542.32
1141,1141A,0,18,247675,288.06
1141,1141A,0,19,276036,471.11
1141,1141A,0,20,182444,188.46
1141,1141A,0,21,286977,1570.74
1141,1141A,0,22,286978,354.12
1141,1141A,0,23,274203,521.19
1141,1141A,0,24,237524,410.8
1141,1141A,0,25,237465,317.74
1141,1141A,0,26,182891,310.56
1141,1141A,0,27,182201,684.15
1141,1141A,0,28,237526,949.27
1141,1141A,0,29,182893,465.39
1141,1141A,0,30,182894,613.57
1141,1141A,0,31,237527,287.85
1141,1141A,0,32,237528,549.04
1141,1141A,0,33,237529,763.92
1141,1141A,0,34,182896,1192.63
1141,1141A,0,35,237530,906.25
1141,1141A,0,36,237531,636.75
1141,1141A,0,37,237532,1010.43
1141,1141A,0,38,237533,191.49
1141,1141A,0,39,237534,1606.03
1141,1141A,0,40,237535,811
1141,1141A,0,41,182898,654.3
1141,1141A,0,42,182899,596.79
1141,1141A,0,43,247721,243.61
1141,1141A,0,44,309069,1150.09
1141,1141A,0,45,237537,281.5
1141,1141A,0,46,182900,246.07
1141,1141A,0,47,182901,113.28
1141,1141A,0,48,237538,198.54
1141,1141A,0,49,237539,485.23
1141,1141A,0,50,237540,655.8
1141,1141A,0,51,237541,1419.93
1141,1141A,0,52,247722,544.52
1141,1141A,0,53,182904,815.51
1141,1141A,0,54,279347,761.43
1141,1141A,1,1,279347,
1141,1141A,1,2,182286,751.61
1141,1141A,1,3,247730,837.79
1141,1141A,1,4,237554,534.82
1141,1141A,1,5,237555,1470.25
1141,1141A,1,6,237556,635.34
1141,1141A,1,7,237557,464.14
1141,1141A,1,8,237558,146.43
1141,1141A,1,9,182928,163.32
1141,1141A,1,10,237559,264.19
1141,1141A,1,11,309070,275.11
1141,1141A,1,12,247731,1158.83
1141,1141A,1,13,182929,258.15
1141,1141A,1,14,182930,557.07
1141,1141A,1,15,237561,720.07
1141,1141A,1,16,237562,718.08
1141,1141A,1,17,237563,1387.24
1141,1141A,1,18,237564,146.68
1141,1141A,1,19,237565,1047.5
1141,1141A,1,20,237566,616.3
1141,1141A,1,21,182932,916.94
1141,1141A,1,22,237567,1203.41
1141,1141A,1,23,237568,749.05
1141,1141A,1,24,237569,563.59
1141,1141A,1,25,182934,279.69
1141,1141A,1,26,182935,652.56
1141,1141A,1,27,237570,409.72
1141,1141A,1,28,182226,963
1141,1141A,1,29,276035,685.12
1141,1141A,1,30,182369,297.52
1141,1141A,1,31,237571,358.19
1141,1141A,1,32,237572,265.48
1141,1141A,1,33,286982,643.5
1141,1141A,1,34,286981,340.74
1141,1141A,1,35,275459,1521.93
1141,1141A,1,36,247732,626.78
1141,1141A,1,37,182942,326.22
1141,1141A,1,38,182305,503.78
1141,1141A,1,39,182944,853.58
1141,1141A,1,40,237574,197
1141,1141A,1,41,247733,459.34
1141,1141A,1,42,247734,342.2
1141,1141A,1,43,246303,850.76
1141,1141A,1,44,222369,761.21
1141,1141A,1,45,286980,149.7
1141,1141A,1,46,151863,181.87
1141,1141A,1,47,237579,433.08
1141,1141A,1,48,237703,1158.42
1141,1141A,1,49,237704,341.78
1141,1141A,1,50,182243,392.8
1141,1141A,1,51,275455,359.09
1141,1141A,1,52,286979,489.92
1141,1141A,1,53,307559,360.83
1142,1142,0,1,222422,
1142,1142,0,2,222423,491.51
1142,1142,0,3,222424,927.33
1142,1142,0,4,237728,855.36
1142,1142,0,5,237729,2518.92
1142,1142,0,6,274222,1055.8
1142,1142,0,7,222425,2158.93
1142,1142,0,8,222426,2015.48
1142,1142,0,9,222427,1078.1
1142,1142,0,10,237731,483.98
1142,1142,0,11,222428,496.9
1142,1142,0,12,182963,342.24
1142,1142,0,13,237732,994.4
1142,1142,0,14,237733,2250.09
1142,1142,0,15,237734,1996.35
1142,1142,0,16,183162,3020.03
1142,1142,0,17,290692,958.95
1142,1142,0,18,238417,2868.37
1142,1142,0,19,238418,1361.87
1142,1142,0,20,251533,728.32
1142,1142,0,21,238419,409.46
1142,1142,0,22,274206,1121.11
1142,1142,0,23,238422,1865.58
1142,1142,0,24,182968,1867.28
1142,1142,0,25,238423,369.62
1142,1142,0,26,238424,561.29
1142,1142,0,27,238425,494.09
1142,1142,0,28,182970,2504.93
1142,1142,0,29,182971,2781.04
1142,1142,0,30,238427,2162.44
1142,1142,0,31,238428,827.74
1142,1142,0,32,182972,902.76
1142,1142,0,33,274207,591.48
1142,1142,0,34,182973,487.34
1142,1142,0,35,182974,460.68
1142,1142,0,36,146105,754.26
1142,1142,1,1,146105,
1142,1142,1,2,182993,829.21
1142,1142,1,3,183175,466.55
1142,1142,1,4,259404,475.22
1142,1142,1,5,182995,573.97
1142,1142,1,6,238459,930.24
1142,1142,1,7,238460,858.53
1142,1142,1,8,182996,2138.3
1142,1142,1,9,182997,2803.78
1142,1142,1,10,259407,2494.86
1142,1142,1,11,238462,516.25
1142,1142,1,12,238463,554.8
1142,1142,1,13,182999,351.95
1142,1142,1,14,238464,1886.34
1142,1142,1,15,274220,1696.32
1142,1142,1,16,238467,1276.9
1142,1142,1,17,265055,439.59
1142,1142,1,18,238468,625.7
1142,1142,1,19,238469,1507.47
1142,1142,1,20,290693,2825.57
1142,1142,1,21,222432,968.47
1142,1142,1,22,183184,2949.11
1142,1142,1,23,237736,2052.64
1142,1142,1,24,237737,2266.41
1142,1142,1,25,222434,994.39
1142,1142,1,26,222435,336.76
1142,1142,1,27,237738,510.42
1142,1142,1,28,222436,473.83
1142,1142,1,29,222437,1106.4
1142,1142,1,30,183189,2034.88
1142,1142,1,31,274204,2095.05
1142,1142,1,32,237740,1068.12
1142,1142,1,33,237741,2519.24
1142,1142,1,34,222439,891.01
1142,1142,1,35,222440,910.56
1142,1142,1,36,222422,463.09
1143,1143,0,1,183162,
1143,1143,0,2,237651,706.55
1143,1143,0,3,259441,847
1143,1143,0,4,259443,1293.78
1143,1143,0,5,237653,785.86
1143,1143,0,6,259445,196.01
1143,1143,0,7,146304,629.47
1143,1143,1,1,146305,
1143,1143,1,2,259446,620.41
1143,1143,1,3,237656,195.78
1143,1143,1,4,259444,784.37
1143,1143,1,5,259442,1294.74
1143,1143,1,6,237658,850.6
1143,1143,1,7,222432,693.52
1145,1145,0,1,238222,
1145,1145,0,2,275472,3937.87
1145,1145,0,3,151702,810.75
1145,1145,0,4,308942,2691.42
1145,1145,0,5,238223,267.8
1145,1145,0,6,238065,809.99
1145,1145,0,7,302654,1164.97
1145,1145,0,8,238224,951.85
1145,1145,0,9,290680,1756.95
1145,1145,0,10,151704,2075.65
1145,1145,0,11,292627,1446.43
1145,1145,0,12,292626,984.4
1145,1145,0,13,238226,1203.37
1145,1145,0,14,302066,1264.86
1145,1145,0,15,292624,829.58
1145,1145,0,16,292622,182.56
1145,1145,0,17,292620,467.51
1145,1145,0,18,151707,1946.93
1145,1145,0,19,286720,657.65
1145,1145,0,20,277886,726.11
1145,1145,0,21,251470,580.64
1145,1145,0,22,238228,787.91
1145,1145,0,23,238230,1338.41
1145,1145,0,24,251471,1445.39
1145,1145,0,25,309378,173.54
1145,1145,0,26,290704,165.11
1145,1145,0,27,151709,157.75
1145,1145,0,28,151710,1529.17
1145,1145,0,29,292618,584.76
1145,1145,0,30,292616,767.91
1145,1145,0,31,292613,474.28
1145,1145,0,32,292612,1207.32
1145,1145,0,33,292610,258.41
1145,1145,0,34,251472,2473.86
1145,1145,0,35,238232,1984.14
1145,1145,0,36,292608,1937.45
1145,1145,0,37,292606,208.29
1145,1145,0,38,292604,511.9
1145,1145,0,39,292602,1640.25
1145,1145,0,40,190140,1162.39
1145,1145,0,41,292600,253.93
1145,1145,0,42,307628,793.07
1145,1145,0,43,238233,693.68
1145,1145,0,44,292594,182.57
1145,1145,0,45,190579,335.84
1145,1145,0,46,292588,305.9
1145,1145,0,47,292587,688.09
1145,1145,0,48,151718,599.03
1145,1145,0,49,151719,565.9
1145,1145,0,50,290691,422.92
1145,1145,0,51,151720,606.07
1145,1145,0,52,247703,799.9
1145,1145,0,53,292585,378.65
1145,1145,0,54,292582,392.99
1145,1145,0,55,247704,385.68
1145,1145,0,56,292580,296.13
1145,1145,0,57,292577,930.16
1145,1145,0,58,145794,2325.24
1145,1145,0,59,238240,305.68
1145,1145,0,60,292574,1125.28
1145,1145,0,61,292570,4038
1145,1145,0,62,292569,1780.79
1145,1145,0,63,145970,2606.53
1145,1145,0,64,208824,342.28
1145,1145,0,65,292567,545.87
1145,1145,0,66,238243,724.04
1145,1145,0,67,292565,689
1145,1145,0,68,247708,776.77
1145,1145,0,69,247709,689.68
1145,1145,0,70,310457,393.6
1145,1145,0,71,292563,296.79
1145,1145,0,72,292560,187.7
1145,1145,0,73,238247,754.6
1145,1145,0,74,292559,565.15
1145,1145,0,75,238248,622.22
1145,1145,0,76,151727,255.44
1145,1145,0,77,292634,441.58
1145,1145,0,78,308752,939.09
1145,1145,0,79,292632,857.39
1145,1145,0,80,292498,1571.27
1145,1145,0,81,292496,568.8
1145,1145,0,82,151729,874.65
1145,1145,0,83,151730,352.71
1145,1145,0,84,251465,745.57
1145,1145,0,85,238251,346.83
1145,1145,0,86,247649,800.97
1145,1145,0,87,208832,3210.98
1145,1145,0,88,247710,1970.9
1145,1145,0,89,292494,890.44
1145,1145,0,90,308940,1991.18
1145,1145,0,91,238255,788.16
1145,1145,0,92,310454,2621.58
1145,1145,0,93,238256,400.26
1145,1145,0,94,238257,192.25
1145,1145,0,95,238258,336.93
1145,1145,0,96,247712,4791.01
1145,1145,0,97,151737,1115.12
1145,1145,0,98,292482,600.27
1145,1145,0,99,247713,2518.55
1145,1145,0,100,238261,1327.19
1145,1145,0,101,151739,678.72
1145,1145,0,102,247714,549.75
1145,1145,0,103,247715,1088.8
1145,1145,0,104,238264,1515.19
1145,1145,0,105,151740,732.35
1145,1145,0,106,238265,1026.37
1145,1145,0,107,307627,950.08
1145,1145,0,108,273897,475.57
1145,1145,0,109,246304,1892.9
1145,1145,0,110,208842,1026.48
1145,1145,0,111,238266,700.99
1145,1145,0,112,238267,823.98
1145,1145,0,113,237882,362.32
1145,1145,0,114,292480,280.53
1145,1145,0,115,292478,530.86
1145,1145,0,116,237697,362.93
1145,1145,0,117,222481,301.43
1145,1145,0,118,237698,320.79
1145,1145,0,119,222483,414.1
1145,1145,0,120,237699,425.21
1145,1145,0,121,151897,341.65
1145,1145,0,122,222367,488.38
1145,1145,0,123,151753,715.09
1145,1145,0,124,308691,431.07
1145,1145,0,125,151756,444.9
1145,1145,0,126,307559,797.08
1145,1145,1,1,238222,
1145,1145,1,2,275472,3937.87
1145,1145,1,3,151702,810.75
1145,1145,1,4,308942,2691.42
1145,1145,1,5,238223,267.8
1145,1145,1,6,238065,809.99
1145,1145,1,7,302654,1164.97
1145,1145,1,8,238224,951.85
1145,1145,1,9,290680,1756.95
1145,1145,1,10,151704,2075.65
1145,1145,1,11,292627,1446.43
1145,1145,1,12,292626,984.4
1145,1145,1,13,238226,1203.37
1145,1145,1,14,302066,1264.86
1145,1145,1,15,292624,829.58
1145,1145,1,16,292622,182.56
1145,1145,1,17,292620,467.51
1145,1145,1,18,151707,1946.93
1145,1145,1,19,286720,657.65
1145,1145,1,20,277886,726.11
1145,1145,1,21,251470,580.64
1145,1145,1,22,238228,787.91
1145,1145,1,23,238230,1338.41
1145,1145,1,24,251471,1445.39
1145,1145,1,25,309378,173.54
1145,1145,1,26,290704,165.11
1145,1145,1,27,151709,157.75
1145,1145,1,28,151710,1529.17
1145,1145,1,29,292618,584.76
1145,1145,1,30,292616,767.91
1145,1145,1,31,292613,474.28
1145,1145,1,32,292612,1207.32
1145,1145,1,33,292610,258.41
1145,1145,1,34,251472,2473.86
1145,1145,1,35,238232,1984.14
1145,1145,1,36,292608,1937.45
1145,1145,1,37,292606,208.29
1145,1145,1,38,292604,511.9
1145,1145,1,39,292602,1640.25
1145,1145,1,40,190140,1162.39
1145,1145,1,41,292600,253.93
1145,1145,1,42,307628,793.07
1145,1145,1,43,238233,693.68
1145,1145,1,44,292594,182.57
1145,1145,1,45,190579,335.84
1145,1145,1,46,292588,305.9
1145,1145,1,47,292587,688.09
1145,1145,1,48,151718,599.03
1145,1145,1,49,151719,565.9
1145,1145,1,50,290691,422.92
1145,1145,1,51,151720,606.07
1145,1145,1,52,247703,799.9
1145,1145,1,53,292585,378.65
1145,1145,1,54,292582,392.99
1145,1145,1,55,247704,385.68
1145,1145,1,56,292580,296.13
1145,1145,1,57,292577,930.16
1145,1145,1,58,145794,2325.24
1145,1145,1,59,238240,305.68
1145,1145,1,60,292574,1125.28
1145,1145,1,61,292570,4038
1145,1145,1,62,292569,1780.79
1145,1145,1,63,145970,2606.53
1145,1145,1,64,208824,342.28
1145,1145,1,65,292567,545.87
1145,1145,1,66,238243,724.04
1145,1145,1,67,292565,689
1145,1145,1,68,247708,776.77
1145,1145,1,69,247709,689.68
1145,1145,1,70,310457,393.6
1145,1145,1,71,292563,296.79
1145,1145,1,72,292560,187.7
1145,1145,1,73,238247,754.6
1145,1145,1,74,292559,565.15
1145,1145,1,75,238248,622.22
1145,1145,1,76,151727,255.44
1145,1145,1,77,292634,441.58
1145,1145,1,78,308752,939.09
1145,1145,1,79,292632,857.39
1145,1145,1,80,292498,1571.27
1145,1145,1,81,292496,568.8
1145,1145,1,82,151729,874.65
1145,1145,1,83,151730,352.71
1145,1145,1,84,251465,745.57
1145,1145,1,85,238251,346.83
1145,1145,1,86,247649,800.97
1145,1145,1,87,208832,3210.98
1145,1145,1,88,247710,1970.9
1145,1145,1,89,292494,890.44
1145,1145,1,90,308940,1991.18
1145,1145,1,91,238255,788.16
1145,1145,1,92,310454,2621.58
1145,1145,1,93,238256,400.26
1145,1145,1,94,238257,192.25
1145,1145,1,95,238258,336.93
1145,1145,1,96,247712,4791.01
1145,1145,1,97,151737,1115.12
1145,1145,1,98,292482,600.27
1145,1145,1,99,247713,2518.55
1145,1145,1,100,238261,1327.19
1145,1145,1,101,151739,678.72
1145,1145,1,102,247714,549.75
1145,1145,1,103,247715,1088.8
1145,1145,1,104,238264,1515.19
1145,1145,1,105,151740,732.35
1145,1145,1,106,238265,1026.37
1145,1145,1,107,307627,950.08
1145,1145,1,108,273897,475.57
1145,1145,1,109,246304,1892.9
1145,1145,1,110,208842,1026.48
1145,1145,1,111,238266,700.99
1145,1145,1,112,238267,823.98
1145,1145,1,113,237882,362.32
1145,1145,1,114,292480,280.53
1145,1145,1,115,292478,530.86
1145,1145,1,116,237697,362.93
1145,1145,1,117,222481,301.43
1145,1145,1,118,237698,320.79
1145,1145,1,119,222483,414.1
1145,1145,1,120,237699,425.21
1145,1145,1,121,151897,341.65
1145,1145,1,122,222367,488.38
1145,1145,1,123,151753,715.09
1145,1145,1,124,308691,431.07
1145,1145,1,125,151756,444.9
1145,1145,1,126,307559,797.08
8119,8119,0,1,300031,
8119,8119,0,2,96102,796.58
8119,8119,0,3,96904,394.59
8119,8119,0,4,190189,175.55
8119,8119,0,5,190190,584.97
8119,8119,0,6,190191,200.84
8119,8119,0,7,96908,2610.44
8119,8119,0,8,96124,420.75
8119,8119,0,9,190421,1040.6
8119,8119,0,10,279442,257.09
8119,8119,0,11,135250,436.1
8119,8119,0,12,95348,567.03
8119,8119,0,13,96128,258.32
8119,8119,0,14,96913,254.07
8119,8119,0,15,96130,763.63
8119,8119,0,16,96915,513.48
8119,8119,0,17,135915,1056.72
8119,8119,0,18,96133,735.24
8119,8119,0,19,95086,291.52
8119,8119,0,20,135918,542.3
8119,8119,0,21,96136,343.3
8119,8119,0,22,238928,622.29
8119,8119,0,23,96138,296.07
8119,8119,0,24,95338,459.26
8119,8119,0,25,190436,985.45
8119,8119,0,26,238729,258.72
8119,8119,0,27,96141,386.28
8119,8119,0,28,96926,849.45
8119,8119,0,29,135264,1226.96
8119,8119,0,30,96144,741.67
8119,8119,0,31,96145,412.02
8119,8119,0,32,96146,548.57
8119,8119,0,33,135209,328.45
8119,8119,0,34,135268,216.44
8119,8119,0,35,96932,537.56
8119,8119,0,36,96149,883.72
8119,8119,0,37,96150,1014.13
8119,8119,0,38,238980,357.58
8119,8119,0,39,135273,220.11
8119,8119,0,40,96936,265.77
8119,8119,0,41,96937,274.58
8119,8119,0,42,135276,489.12
8119,8119,0,43,135277,1327.74
8119,8119,0,44,135278,730.48
8119,8119,0,45,96157,1045.33
8119,8119,0,46,135280,243.81
8119,8119,0,47,238986,237.68
8119,8119,0,48,96943,821.28
8119,8119,0,49,96160,693.05
8119,8119,0,50,135284,848.46
8119,8119,0,51,307552,245.62
8119,8119,0,52,308190,1371.96
8119,8119,0,53,96162,319.09
8119,8119,0,54,135287,641.57
8119,8119,0,55,95117,545.46
8119,8119,0,56,96165,354.96
8119,8119,0,57,275483,265.22
8119,8119,0,58,96166,288.43
8119,8119,0,59,135291,612.13
8119,8119,0,60,135292,596.38
8119,8119,0,61,135353,668.85
8119,8119,0,62,135352,345.77
8119,8119,0,63,96955,533.84
8119,8119,0,64,96956,465.09
8119,8119,0,65,135349,217.36
8119,8119,0,66,96958,301.46
8119,8119,0,67,190477,1073.21
8119,8119,0,68,135346,562.05
8119,8119,0,69,96961,594.15
8119,8119,0,70,96962,310.64
8119,8119,0,71,96963,503.93
8119,8119,0,72,135461,404.48
8119,8119,0,73,135460,320.04
8119,8119,0,74,307554,684.66
8119,8119,0,75,190484,236.97
8119,8119,0,76,97016,516.84
8119,8119,0,77,190486,773.46
8119,8119,0,78,190487,296.56
8119,8119,0,79,190488,394.56
8119,8119,0,80,190489,600.5
8119,8119,0,81,135309,595.62
8119,8119,0,82,135310,208.92
8119,8119,0,83,135332,691.76
8119,8119,0,84,135331,546.6
8119,8119,0,85,96972,443.53
8119,8119,0,86,135329,469.17
8119,8119,0,87,97024,587.5
8119,8119,0,88,96975,585.07
8119,8119,0,89,96976,337.38
8119,8119,0,90,97027,1394.31
8119,8119,0,91,96978,494.65
8119,8119,0,92,96979,463.98
8119,8119,0,93,301970,173.21
8119,8119,0,94,95618,365.24
8119,8119,0,95,135320,517.22
8119,8119,0,96,95621,437.48
8119,8119,0,97,95622,523.55
8119,8119,0,98,95748,1196.59
8119,8119,0,99,136093,305.97
8119,8119,0,100,190508,856.15
8119,8119,0,101,135431,811.73
8119,8119,0,102,136096,359.13
8119,8119,0,103,238993,1621.97
8119,8119,0,104,136098,709.17
8119,8119,0,105,95630,266.89
8119,8119,0,106,95745,346.28
8119,8119,0,107,135432,464.17
8119,8119,0,108,95744,203.8
8119,8119,0,109,136103,631.18
8119,8119,0,110,95742,369.77
8119,8119,0,111,136105,908.67
8119,8119,0,112,136106,1013.66
8119,8119,0,113,136107,746.12
8119,8119,0,114,95638,281.96
8119,8119,0,115,95741,1500.76
8119,8119,0,116,135433,291.15
8119,8119,0,117,95740,274.3
8119,8119,0,118,95739,1173.91
8119,8119,0,119,190092,984.38
8119,8119,0,120,190869,588.79
8119,8119,0,121,190870,617.61
8119,8119,0,122,191376,1019.79
8119,8119,0,123,190096,241.31
8119,8119,0,124,190097,829.03
8119,8119,0,125,238981,184.2
8119,8119,0,126,95649,467.72
8119,8119,0,127,190535,991.88
8119,8119,0,128,190101,954.81
8119,8119,0,129,190537,656.54
8119,8119,0,130,190103,287.19
8119,8119,0,131,190539,435.89
8119,8119,0,132,190540,585.09
8119,8119,0,133,190541,786.95
8119,8119,0,134,190542,340.62
8119,8119,0,135,190108,991.93
8119,8119,0,136,95731,481.64
8119,8119,0,137,190110,969.99
8119,8119,0,138,309378,174.29
8119,8119,0,139,95657,184.56
8119,8119,0,140,190547,137.35
8119,8119,0,141,191394,481.71
8119,8119,0,142,190549,429.95
8119,8119,0,143,190550,290.04
8119,8119,0,144,191397,336.84
8119,8119,0,145,190117,576.19
8119,8119,0,146,191399,411.97
8119,8119,0,147,190554,358.62
8119,8119,0,148,191401,467.98
8119,8119,0,149,191402,1208.07
8119,8119,0,150,190122,260.48
8119,8119,0,151,190123,415.16
8119,8119,0,152,238987,782.68
8119,8119,0,153,190125,861.21
8119,8119,0,154,190561,411.81
8119,8119,0,155,191408,188.02
8119,8119,0,156,238988,1208.14
8119,8119,0,157,190129,200.39
8119,8119,0,158,190130,388.7
8119,8119,0,159,190131,285.08
8119,8119,0,160,190132,506.69
8119,8119,0,161,190133,724.03
8119,8119,0,162,190134,422.51
8119,8119,0,163,238994,208.67
8119,8119,0,164,190136,182.09
8119,8119,0,165,190135,329.23
8119,8119,0,166,238950,1292.01
8119,8119,0,167,190139,348.32
8119,8119,0,168,190140,1162.18
8119,8119,0,169,190141,253.88
8119,8119,0,170,190577,1483.31
8119,8119,0,171,190143,189.54
8119,8119,0,172,190579,331.84
8119,8119,0,173,190580,309.7
8119,8119,0,174,189661,654.86
8119,8119,0,175,190147,600.86
8119,8119,0,176,190148,599.86
8119,8119,0,177,190358,1025.21
8119,8119,0,178,283118,1958.9
8119,8119,0,179,190151,295.25
8119,8119,0,180,190361,504.76
8119,8119,0,181,283119,3054.89
8119,8119,0,182,190154,5166.04
8119,8119,0,183,190364,4398.16
8119,8119,0,184,190365,343.65
8119,8119,0,185,190157,1259.36
8119,8119,0,186,190367,3034.46
8119,8119,0,187,190368,1979.8
8119,8119,0,188,190369,4024.28
8119,8119,0,189,190370,1439.86
8119,8119,0,190,190371,1448.54
8119,8119,0,191,190163,4012.57
8119,8119,0,192,190373,2833.41
8119,8119,0,193,190165,2855.53
8119,8119,0,194,190166,2985.42
8119,8119,0,195,190376,529.25
8119,8119,0,196,190168,5906.12
8119,8119,0,197,238882,3119.26
8119,8119,0,198,190379,1324.76
8119,8119,0,199,190380,681.44
8119,8119,0,200,190172,2831.91
8119,8119,0,201,190173,1053.79
8119,8119,0,202,190174,2436.93
8119,8119,0,203,190175,2919.81
8119,8119,0,204,190385,1537.91
8119,8119,0,205,281483,352.3
8119,8119,0,206,190178,1173.61
8119,8119,0,207,190179,589.99
8119,8119,0,208,276692,445.99
8119,8119,0,209,190180,793.64
8119,8119,0,210,276043,451.17
8119,8119,0,211,190183,443.01
8119,8119,0,212,307560,2400.35
8119,8119,1,1,307559,
8119,8119,1,2,189949,2418.2
8119,8119,1,3,276045,445.84
8119,8119,1,4,189743,453.42
8119,8119,1,5,189744,788.33
8119,8119,1,6,189745,448.11
8119,8119,1,7,189746,591.33
8119,8119,1,8,276076,1170.17
8119,8119,1,9,189748,363.76
8119,8119,1,10,189749,1513.3
8119,8119,1,11,189958,2947.89
8119,8119,1,12,189751,2374.49
8119,8119,1,13,189752,1090.31
8119,8119,1,14,189753,2868.23
8119,8119,1,15,189754,661.5
8119,8119,1,16,238901,1310.01
8119,8119,1,17,189964,3118.54
8119,8119,1,18,189757,5907.94
8119,8119,1,19,189966,505.41
8119,8119,1,20,189759,2962.99
8119,8119,1,21,189760,2852.56
8119,8119,1,22,189761,2812.86
8119,8119,1,23,189762,4083.2
8119,8119,1,24,189763,1444.81
8119,8119,1,25,189764,1444.22
8119,8119,1,26,189765,4059.72
8119,8119,1,27,189766,1930.54
8119,8119,1,28,189767,3053.01
8119,8119,1,29,189768,1267.83
8119,8119,1,30,189769,359.44
8119,8119,1,31,189770,4350.37
8119,8119,1,32,283116,5220.28
8119,8119,1,33,189772,3015.33
8119,8119,1,34,189773,518.61
8119,8119,1,35,283117,289.16
8119,8119,1,36,189775,1978.61
8119,8119,1,37,189984,1004.95
8119,8119,1,38,189985,581.96
8119,8119,1,39,190146,602.82
8119,8119,1,40,191006,673.66
8119,8119,1,41,191007,264.25
8119,8119,1,42,189664,369.31
8119,8119,1,43,191009,192.82
8119,8119,1,44,189666,1464.11
8119,8119,1,45,276519,288.93
8119,8119,1,46,189668,1140.65
8119,8119,1,47,238730,363.99
8119,8119,1,48,191016,1210.75
8119,8119,1,49,189671,398.39
8119,8119,1,50,238739,206.85
8119,8119,1,51,189673,176.64
8119,8119,1,52,189674,445.94
8119,8119,1,53,189675,700.37
8119,8119,1,54,189676,516.74
8119,8119,1,55,189677,285.41
8119,8119,1,56,189795,390.04
8119,8119,1,57,238982,194.34
8119,8119,1,58,189680,1212.38
8119,8119,1,59,190602,237.09
8119,8119,1,60,189682,373.63
8119,8119,1,61,238983,851.14
8119,8119,1,62,189801,783.38
8119,8119,1,63,189685,420.72
8119,8119,1,64,189686,253.3
8119,8119,1,65,189687,1250.38
8119,8119,1,66,190609,412.94
8119,8119,1,67,238985,395.07
8119,8119,1,68,189807,388.62
8119,8119,1,69,189808,608
8119,8119,1,70,189692,323.72
8119,8119,1,71,190614,270.72
8119,8119,1,72,189694,483.53
8119,8119,1,73,135436,421.21
8119,8119,1,74,189813,152.78
8119,8119,1,75,309379,187.66
8119,8119,1,76,189697,156.45
8119,8119,1,77,189815,970.17
8119,8119,1,78,95655,507.53
8119,8119,1,79,189700,974.28
8119,8119,1,80,189818,295.44
8119,8119,1,81,190623,802.07
8119,8119,1,82,189703,599.12
8119,8119,1,83,189821,441.17
8119,8119,1,84,135435,289.86
8119,8119,1,85,190627,636.69
8119,8119,1,86,189824,976.68
8119,8119,1,87,189708,984.59
8119,8119,1,88,238989,472.6
8119,8119,1,89,95735,171.46
8119,8119,1,90,95736,800.79
8119,8119,1,91,191243,234.93
8119,8119,1,92,189713,1069.54
8119,8119,1,93,189831,595.73
8119,8119,1,94,95738,635.69
8119,8119,1,95,189833,917.94
8119,8119,1,96,190638,1221.18
8119,8119,1,97,189718,280.83
8119,8119,1,98,263291,283.15
8119,8119,1,99,136112,1485.7
8119,8119,1,100,95637,283.87
8119,8119,1,101,95636,754.19
8119,8119,1,102,95635,1015.84
8119,8119,1,103,136116,886.47
8119,8119,1,104,95743,404.11
8119,8119,1,105,136118,628.29
8119,8119,1,106,136119,185.54
8119,8119,1,107,136120,412.32
8119,8119,1,108,275473,412.06
8119,8119,1,109,95629,284.31
8119,8119,1,110,238731,691.12
8119,8119,1,111,95746,1606.11
8119,8119,1,112,136125,367.21
8119,8119,1,113,191354,803.39
8119,8119,1,114,95747,859.58
8119,8119,1,115,136092,378.18
8119,8119,1,116,136129,1252.52
8119,8119,1,117,136130,492.78
8119,8119,1,118,264418,445.97
8119,8119,1,119,95151,514.57
8119,8119,1,120,301971,392.25
8119,8119,1,121,95619,146.59
8119,8119,1,122,135318,466.16
8119,8119,1,123,96977,508.14
8119,8119,1,124,97026,1366.06
8119,8119,1,125,97025,371.3
8119,8119,1,126,96974,585.77
8119,8119,1,127,95144,551.34
8119,8119,1,128,135313,506.32
8119,8119,1,129,135312,407.57
8119,8119,1,130,96971,570.17
8119,8119,1,131,264416,708.11
8119,8119,1,132,96970,190.12
8119,8119,1,133,191097,585.81
8119,8119,1,134,191098,593.8
8119,8119,1,135,191099,407.45
8119,8119,1,136,191100,296.89
8119,8119,1,137,96966,792.6
8119,8119,1,138,191102,495.12
8119,8119,1,139,307555,237.82
8119,8119,1,140,96964,672.01
8119,8119,1,141,135302,330.53
8119,8119,1,142,135343,419.62
8119,8119,1,143,135344,495.5
8119,8119,1,144,95129,291.72
8119,8119,1,145,95128,600.45
8119,8119,1,146,191109,563.05
8119,8119,1,147,135298,1068.75
8119,8119,1,148,96957,284.06
8119,8119,1,149,135350,253.57
8119,8119,1,150,191113,455.84
8119,8119,1,151,135294,513.28
8119,8119,1,152,96954,396.18
8119,8119,1,153,96953,623.98
8119,8119,1,154,96167,656.81
8119,8119,1,155,97001,569.91
8119,8119,1,156,135289,282.1
8119,8119,1,157,191120,266.21
8119,8119,1,158,96949,370.86
8119,8119,1,159,96163,545.1
8119,8119,1,160,135361,606.03
8119,8119,1,161,308200,382.29
8119,8119,1,162,307553,1344.28
8119,8119,1,163,96161,2761.92
8119,8119,1,164,96944,860.31
8119,8119,1,165,96159,712.06
8119,8119,1,166,96942,794.69
8119,8119,1,167,135367,267.25
8119,8119,1,168,96941,233.19
8119,8119,1,169,96156,1040.06
8119,8119,1,170,96155,706.17
8119,8119,1,171,96154,1334.69
8119,8119,1,172,96153,488.89
8119,8119,1,173,96152,284.67
8119,8119,1,174,135374,274.94
8119,8119,1,175,96935,206.25
8119,8119,1,176,96934,368.43
8119,8119,1,177,96933,1012.79
8119,8119,1,178,96148,852.85
8119,8119,1,179,96147,553.09
8119,8119,1,180,135380,235.06
8119,8119,1,181,96930,336.02
8119,8119,1,182,135382,526.96
8119,8119,1,183,96928,430.11
8119,8119,1,184,96143,799.56
8119,8119,1,185,96142,1171.54
8119,8119,1,186,96925,845.56
8119,8119,1,187,238967,371.44
8119,8119,1,188,191150,288.69
8119,8119,1,189,96139,1001.07
8119,8119,1,190,135390,389.85
8119,8119,1,191,238935,329.21
8119,8119,1,192,135848,652
8119,8119,1,193,96919,353.7
8119,8119,1,194,96134,530.96
8119,8119,1,195,135395,271.77
8119,8119,1,196,96132,741.02
8119,8119,1,197,96131,1047.02
8119,8119,1,198,96914,510.35
8119,8119,1,199,96129,769.08
8119,8119,1,200,135400,250.16
8119,8119,1,201,135401,258.64
8119,8119,1,202,135402,557.35
8119,8119,1,203,238974,472.11
8119,8119,1,204,191165,246.16
8119,8119,1,205,96909,1029.3
8119,8119,1,206,276750,478.61
8119,8119,1,207,96907,2566.52
8119,8119,1,208,96906,191.7
8119,8119,1,209,96905,575.51
8119,8119,1,210,189945,168.27
8119,8119,1,211,96903,396.79
8119,8119,1,212,300030,339.59
8161,8161,0,1,297077,
8161,8161,0,2,96102,757.83
8161,8161,0,3,96103,399.17
8161,8161,0,4,92645,699.94
8161,8161,0,5,275475,219.9
8161,8161,0,6,96431,473.19
8161,8161,0,7,238991,375.58
8161,8161,0,8,92650,214.36
8161,8161,0,9,242597,571.46
8161,8161,0,10,311234,472.5
8161,8161,0,11,92652,444.89
8161,8161,0,12,98714,472.28
8161,8161,0,13,92654,253.57
8161,8161,0,14,136483,555.28
8161,8161,0,15,282788,507.09
8161,8161,0,16,150902,823.68
8161,8161,0,17,98551,1384.64
8161,8161,0,18,136484,920.88
8161,8161,0,19,92660,733.41
8161,8161,0,20,92661,831.15
8161,8161,0,21,98550,1009.23
8161,8161,0,22,150908,694.24
8161,8161,0,23,92664,642.25
8161,8161,0,24,293534,474.87
8161,8161,0,25,92666,355.84
8161,8161,0,26,92667,858.6
8161,8161,0,27,146548,204.94
8161,8161,0,28,150914,1897.3
8161,8161,0,29,98548,1590.44
8161,8161,0,30,98547,1507.1
8161,8161,0,31,184981,929.08
8161,8161,0,32,93248,1861.12
8161,8161,0,33,98546,928.21
8161,8161,0,34,98545,535.94
8161,8161,0,35,93251,600.41
8161,8161,0,36,98544,962.71
8161,8161,0,37,136477,713.22
8161,8161,0,38,98543,305.03
8161,8161,0,39,98542,733.95
8161,8161,0,40,98541,2327.61
8161,8161,0,41,98540,1026.05
8161,8161,0,42,98539,1221.89
8161,8161,0,43,98494,523.92
8161,8161,0,44,136478,1779.45
8161,8161,0,45,271897,610.66
8161,8161,0,46,302061,450.8
8161,8161,0,47,275469,1858.96
8161,8161,0,48,93261,981.43
8161,8161,0,49,280311,1113.46
8161,8161,0,50,98536,1273.9
8161,8161,0,51,98535,879.19
8161,8161,0,52,98534,2614.89
8161,8161,0,53,98533,681.97
8161,8161,0,54,136480,240.49
8161,8161,0,55,294077,424.2
8161,8161,0,56,99348,759.93
8161,8161,0,57,98531,487.87
8161,8161,0,58,136481,1658.88
8161,8161,0,59,99346,867.66
8161,8161,0,60,98529,943.54
8161,8161,0,61,98509,570.28
8161,8161,0,62,136482,542.3
8161,8161,0,63,98528,954.59
8161,8161,0,64,98922,1711.28
8161,8161,0,65,307539,495.84
8161,8161,0,66,98527,1553.6
8161,8161,0,67,98526,1388.81
8161,8161,0,68,98525,1949.35
8161,8161,0,69,98516,1256.93
8161,8161,0,70,98850,362.84
8161,8161,0,71,98517,274.48
8161,8161,0,72,98524,1052.9
8161,8161,0,73,98519,2057.3
8161,8161,0,74,98520,1229.7
8161,8161,0,75,98522,2639.14
8161,8161,1,1,275484,
8161,8161,1,2,263497,2666.78
8161,8161,1,3,263496,1221.86
8161,8161,1,4,263499,2017.12
8161,8161,1,5,276042,1084.87
8161,8161,1,6,263495,263.41
8161,8161,1,7,263494,367.58
8161,8161,1,8,263500,1247.08
8161,8161,1,9,263501,1957.32
8161,8161,1,10,263502,1351.3
8161,8161,1,11,307540,1596.28
8161,8161,1,12,263565,500.8
8161,8161,1,13,263503,1712.05
8161,8161,1,14,264461,963.07
8161,8161,1,15,263493,552.04
8161,8161,1,16,263504,552.78
8161,8161,1,17,263618,956.83
8161,8161,1,18,264460,879.98
8161,8161,1,19,263505,1646.24
8161,8161,1,20,263620,498.19
8161,8161,1,21,294078,764.88
8161,8161,1,22,264459,430.52
8161,8161,1,23,263506,244.93
8161,8161,1,24,263507,670.94
8161,8161,1,25,263508,2617.54
8161,8161,1,26,263509,858.85
8161,8161,1,27,263510,1286.03
8161,8161,1,28,263262,1123.17
8161,8161,1,29,263535,1000.14
8161,8161,1,30,302062,1838.49
8161,8161,1,31,271896,432.41
8161,8161,1,32,264458,581.65
8161,8161,1,33,263492,1806.25
8161,8161,1,34,263512,506.96
8161,8161,1,35,263513,1252.82
8161,8161,1,36,263514,1018.5
8161,8161,1,37,263515,2316.33
8161,8161,1,38,263516,728.95
8161,8161,1,39,264457,311.64
8161,8161,1,40,263517,715.45
8161,8161,1,41,263261,877.4
8161,8161,1,42,263518,706.25
8161,8161,1,43,263519,516.34
8161,8161,1,44,150975,922.28
8161,8161,1,45,155386,1861.54
8161,8161,1,46,263520,906.19
8161,8161,1,47,263521,1521.25
8161,8161,1,48,92798,1573.02
8161,8161,1,49,155390,1926.44
8161,8161,1,50,263259,195.94
8161,8161,1,51,263258,826.53
8161,8161,1,52,98549,354.43
8161,8161,1,53,271711,474.71
8161,8161,1,54,92663,663.44
8161,8161,1,55,263522,645.75
8161,8161,1,56,263256,1082.42
8161,8161,1,57,263255,789.6
8161,8161,1,58,155253,736.26
8161,8161,1,59,263523,852.12
8161,8161,1,60,92657,1444.55
8161,8161,1,61,282500,880.1
8161,8161,1,62,92655,469.13
8161,8161,1,63,278138,563.3
8161,8161,1,64,92653,231.37
8161,8161,1,65,263252,473.08
8161,8161,1,66,311235,451.75
8161,8161,1,67,92651,482.08
8161,8161,1,68,96110,548.94
8161,8161,1,69,238732,194.3
8161,8161,1,70,96108,400.82
8161,8161,1,71,96433,477.43
8161,8161,1,72,275474,217.77
8161,8161,1,73,135427,666.8
8161,8161,1,74,96903,429.39
8161,8161,1,75,190394,335.44
8173,8173,0,1,98517,
8173,8173,0,2,98524,1052.9
8173,8173,0,3,98519,2057.62
8173,8173,0,4,98520,1231.76
8173,8173,0,5,98522,2640.83
8173,8173,1,1,275484,
8173,8173,1,2,263497,2666.85
8173,8173,1,3,263496,1221.87
8173,8173,1,4,263499,2017.63
8173,8173,1,5,276042,1080.53
8181,8181,0,1,290050,
8181,8181,0,2,290051,815.55
8181,8181,0,3,292653,953.31
8181,8181,0,4,290053,2775.67
8181,8181,0,5,290059,1468.22
8181,8181,0,6,182977,1182.27
8181,8181,0,7,290061,312.86
8181,8181,0,8,290063,1108.46
8181,8181,0,9,290065,895.71
8181,8181,0,10,95736,14030.31
8181,8181,0,11,191243,234.97
8181,8181,0,12,189713,1069.67
8181,8181,0,13,189831,594.96
8181,8181,0,14,95738,636.48
8181,8181,0,15,189833,918.51
8181,8181,0,16,190638,1218.84
8181,8181,0,17,189718,281.21
8181,8181,0,18,263291,284.77
8181,8181,0,19,136112,1486.12
8181,8181,0,20,95637,283.87
8181,8181,0,21,95636,754.17
8181,8181,0,22,95635,1015.62
8181,8181,0,23,136116,886.72
8181,8181,0,24,95743,405.28
8181,8181,0,25,136118,625.69
8181,8181,0,26,136119,189
8181,8181,0,27,136120,411.39
8181,8181,0,28,275473,412.02
8181,8181,0,29,95629,284.31
8181,8181,0,30,238731,691.12
8181,8181,0,31,95746,1606.12
8181,8181,0,32,136125,368
8181,8181,0,33,191354,803.26
8181,8181,0,34,95747,859.53
8181,8181,0,35,136092,297.69
8181,8181,0,36,136129,1252.55
8181,8181,0,37,136130,492.78
8181,8181,0,38,135320,443.53
8181,8181,1,1,264418,
8181,8181,1,2,95621,440.49
8181,8181,1,3,95622,522.94
8181,8181,1,4,95748,1196.59
8181,8181,1,5,136093,305.97
8181,8181,1,6,190508,856.15
8181,8181,1,7,135431,811.73
8181,8181,1,8,136096,359.13
8181,8181,1,9,238993,1621.84
8181,8181,1,10,136098,709.43
8181,8181,1,11,95630,266.77
8181,8181,1,12,95745,346.28
8181,8181,1,13,135432,464.17
8181,8181,1,14,95744,203.8
8181,8181,1,15,136103,631.18
8181,8181,1,16,95742,369.62
8181,8181,1,17,136105,908.67
8181,8181,1,18,136106,1013.66
8181,8181,1,19,136107,746.12
8181,8181,1,20,95638,281.96
8181,8181,1,21,95741,1500.76
8181,8181,1,22,135433,291.15
8181,8181,1,23,95740,274.3
8181,8181,1,24,95739,1173.91
8181,8181,1,25,190092,984.38
8181,8181,1,26,190869,588.79
8181,8181,1,27,190870,617.61
8181,8181,1,28,191376,1019.79
8181,8181,1,29,190096,241.31
8181,8181,1,30,290066,14087.25
8181,8181,1,31,290064,875.66
8181,8181,1,32,290062,1077.3
8181,8181,1,33,182990,522.17
8181,8181,1,34,290060,995.36
8181,8181,1,35,290054,1504.86
8181,8181,1,36,292654,2726.75
8181,8181,1,37,290052,929.05
8181,8181,1,38,290050,857.93
